{"nodes": [{"id": "xwt", "type": "repo"}, {"id": "pg_search", "type": "repo"}, {"id": "Crypto---K128", "type": "repo"}, {"id": "Sales-Manager", "type": "repo"}, {"id": "OpenCV-calculator", "type": "repo"}, {"id": "Framework7-Vue", "type": "repo"}, {"id": "authlogic_example", "type": "repo"}, {"id": "USPMap", "type": "repo"}, {"id": "PrGAN_page", "type": "repo"}, {"id": "boletonet", "type": "repo"}, {"id": "Wastelands", "type": "repo"}, {"id": "functions", "type": "repo"}, {"id": "QtDMM", "type": "repo"}, {"id": "graphxt", "type": "repo"}, {"id": "moboo", "type": "repo"}, {"id": "BluetoothClientHUB", "type": "repo"}, {"id": "workshop-jb", "type": "repo"}, {"id": "obd2NET", "type": "repo"}, {"id": "iMapApp", "type": "repo"}, {"id": "twig-view", "type": "repo"}, {"id": "googletest", "type": "repo"}, {"id": "OpenCV-Features-Comparison", "type": "repo"}, {"id": "lucascasoares", "type": "user"}, {"id": "SaltShaker", "type": "repo"}, {"id": "Anna", "type": "repo"}, {"id": "ImageOptimizer", "type": "repo"}, {"id": "MonoGame.Dependencies", "type": "repo"}, {"id": "Balancer-Simulator", "type": "repo"}, {"id": "pagarme-net", "type": "repo"}, {"id": "rails-vueify", "type": "repo"}, {"id": "JsonAPIClient", "type": "repo"}, {"id": "django-swingtime", "type": "repo"}, {"id": "drifts", "type": "repo"}, {"id": "Canvas-Designer", "type": "repo"}, {"id": "MeshProc", "type": "repo"}, {"id": "Broker", "type": "repo"}, {"id": "LMS", "type": "repo"}, {"id": "Advanced-Auditing", "type": "repo"}, {"id": "hivek-io-modules", "type": "repo"}, {"id": "dracula-hyperterm", "type": "repo"}, {"id": "CSS", "type": "language"}, {"id": "ystallonne", "type": "user"}, {"id": "caiofreitaso", "type": "user"}, {"id": "projeto-super", "type": "repo"}, {"id": "WebEye", "type": "repo"}, {"id": "Cerebrate", "type": "repo"}, {"id": "novosga", "type": "repo"}, {"id": "html5-augmented-reality-app", "type": "repo"}, {"id": "Trem", "type": "repo"}, {"id": "MDC", "type": "repo"}, {"id": "googlemock", "type": "repo"}, {"id": "Capsule-Corp", "type": "repo"}, {"id": "Seeder", "type": "repo"}, {"id": "RegressionDemo", "type": "repo"}, {"id": "Bitcoin-Tool", "type": "repo"}, {"id": "django-grunt", "type": "repo"}, {"id": "bgfx", "type": "repo"}, {"id": "core-docs", "type": "repo"}, {"id": "framework7-react", "type": "repo"}, {"id": "grunt-casperjs", "type": "repo"}, {"id": "MildoJr", "type": "user"}, {"id": "zenphoton", "type": "repo"}, {"id": "jekyll-category-archive-plugin", "type": "repo"}, {"id": "webcodecamjs", "type": "repo"}, {"id": "recpatt", "type": "repo"}, {"id": "ArduinoBT", "type": "repo"}, {"id": "PreProcess", "type": "repo"}, {"id": "DCMST", "type": "repo"}, {"id": "Nussinov", "type": "repo"}, {"id": "django-simple-menu", "type": "repo"}, {"id": "SeriesShelf", "type": "repo"}, {"id": "apprtc", "type": "repo"}, {"id": "Quine", "type": "repo"}, {"id": "webrtc-video-chat", "type": "repo"}, {"id": "nubix", "type": "repo"}, {"id": "osirix", "type": "repo"}, {"id": "ffmpeg", "type": "repo"}, {"id": "NS-3-support-for-OBS", "type": "repo"}, {"id": "PyGObject-Tutorial", "type": "repo"}, {"id": "pill-popper", "type": "repo"}, {"id": "generator-django-demo", "type": "repo"}, {"id": "PHP", "type": "language"}, {"id": "cncrawler", "type": "repo"}, {"id": "django-hstore-flattenfields", "type": "repo"}, {"id": "SubdivisionSurfaces", "type": "repo"}, {"id": "searchbox-rails", "type": "repo"}, {"id": "JSARToolKit", "type": "repo"}, {"id": "Cidades", "type": "repo"}, {"id": "Nagios_Plugins", "type": "repo"}, {"id": "hivek-system", "type": "repo"}, {"id": "Hivek", "type": "repo"}, {"id": "salty-vagrant", "type": "repo"}, {"id": "django-oauth2-provider", "type": "repo"}, {"id": "Arduino-projects", "type": "repo"}, {"id": "vm-hid", "type": "repo"}, {"id": "EASE-Routing", "type": "repo"}, {"id": "shortnr.net", "type": "repo"}, {"id": "side-waffle", "type": "repo"}, {"id": "dijkstra-disjoint", "type": "repo"}, {"id": "TestingJSP", "type": "repo"}, {"id": "osirixplugins", "type": "repo"}, {"id": "pretzel", "type": "repo"}, {"id": "kanboard", "type": "repo"}, {"id": "PyDLNAClient", "type": "repo"}, {"id": "pacifica-icon-theme", "type": "repo"}, {"id": "TVDB", "type": "repo"}, {"id": "none", "type": "repo"}, {"id": "SCAD", "type": "repo"}, {"id": "Delivery", "type": "repo"}, {"id": "yaree", "type": "repo"}, {"id": "hdhzero", "type": "user"}, {"id": "djangoday", "type": "repo"}, {"id": "Assembly", "type": "language"}, {"id": "bidimensional-constrained-cutting", "type": "repo"}, {"id": "sorting", "type": "repo"}, {"id": "cordova-chatapp", "type": "repo"}, {"id": "me-blog", "type": "repo"}, {"id": "C", "type": "language"}, {"id": "node-boleto", "type": "repo"}, {"id": "my-vim", "type": "repo"}, {"id": "generator-django", "type": "repo"}, {"id": "project-euler", "type": "repo"}, {"id": "DIMApiki-PHP", "type": "repo"}, {"id": "jsPDF", "type": "repo"}, {"id": "tinymce", "type": "repo"}, {"id": "rfc5766-turn-server", "type": "repo"}, {"id": "projudi.py", "type": "repo"}, {"id": "siwapp-sf1", "type": "repo"}, {"id": "HTML5-Environmental-Thermometer", "type": "repo"}, {"id": "MAC5742_EP1", "type": "repo"}, {"id": "ufrn-2do", "type": "repo"}, {"id": "PHPExcel", "type": "repo"}, {"id": "Vala", "type": "language"}, {"id": "Pintar", "type": "repo"}, {"id": "WebRTC-Experiment", "type": "repo"}, {"id": "HttpClient", "type": "repo"}, {"id": "power-bi-embedded-integrate-report-into-web-app", "type": "repo"}, {"id": "fullpage-menu", "type": "repo"}, {"id": "factory_boy", "type": "repo"}, {"id": "html5-boilerplate", "type": "repo"}, {"id": "website", "type": "repo"}, {"id": "ySnake", "type": "repo"}, {"id": "elf-interpreter", "type": "repo"}, {"id": "Haskell", "type": "language"}, {"id": "James", "type": "repo"}, {"id": "MinHTTPD", "type": "repo"}, {"id": "optimalhrss", "type": "repo"}, {"id": "jquery-drawsvg", "type": "repo"}, {"id": "giulianoxt", "type": "user"}, {"id": "Chart.js", "type": "repo"}, {"id": "evince-modified", "type": "repo"}, {"id": "minjavac", "type": "repo"}, {"id": "SuperCollider", "type": "language"}, {"id": "iso", "type": "repo"}, {"id": "gsheets", "type": "repo"}, {"id": "design", "type": "repo"}, {"id": "VHDL", "type": "language"}, {"id": "developing-for-business", "type": "repo"}, {"id": "lockland", "type": "user"}, {"id": "vala-code", "type": "repo"}, {"id": "BB10-WebWorks-Samples", "type": "repo"}, {"id": "Scheme", "type": "language"}, {"id": "AprendendoUnity3D", "type": "repo"}, {"id": "pipelib", "type": "repo"}, {"id": "mac80211_filter", "type": "repo"}, {"id": "nagios-plugins", "type": "repo"}, {"id": "stun", "type": "repo"}, {"id": "diegotoral", "type": "user"}, {"id": "dotfiles", "type": "repo"}, {"id": "Java", "type": "language"}, {"id": "koler", "type": "repo"}, {"id": "grails-doc", "type": "repo"}, {"id": "nopCommerce", "type": "repo"}, {"id": "bloc", "type": "repo"}, {"id": "qpel", "type": "repo"}, {"id": "peerjs-server", "type": "repo"}, {"id": "todomvc", "type": "repo"}, {"id": "DigitalMK", "type": "repo"}, {"id": "Seriously.js", "type": "repo"}, {"id": "WP8.FileUpload.Sample01", "type": "repo"}, {"id": "pyasteroids", "type": "repo"}, {"id": "pdf.js", "type": "repo"}, {"id": "cnpy", "type": "repo"}, {"id": "Supermarket", "type": "repo"}, {"id": "globalmoneyinput", "type": "repo"}, {"id": "Shell", "type": "language"}, {"id": "django-dynamic-finder", "type": "repo"}, {"id": "ReScience", "type": "repo"}, {"id": "cache-money", "type": "repo"}, {"id": "Bootstrap-Admin-Theme", "type": "repo"}, {"id": "sdl-engine", "type": "repo"}, {"id": "md-website", "type": "repo"}, {"id": "js-flickr-gallery", "type": "repo"}, {"id": "botkit", "type": "repo"}, {"id": "Requestr", "type": "repo"}, {"id": "HelpMyTeam", "type": "repo"}, {"id": "hpascal", "type": "repo"}, {"id": "moip-ruby", "type": "repo"}, {"id": "TakePicture", "type": "repo"}, {"id": "thiagoabreu.github.io", "type": "repo"}, {"id": "PayPal-NET-SDK", "type": "repo"}, {"id": "DRINK", "type": "repo"}, {"id": "politicame", "type": "repo"}, {"id": "HTML", "type": "language"}, {"id": "CellStats", "type": "repo"}, {"id": "PhotometricAR", "type": "repo"}, {"id": null, "type": "language"}, {"id": "Pinte", "type": "repo"}, {"id": "html5-qrcode", "type": "repo"}, {"id": "OpenFB", "type": "repo"}, {"id": "diegotoral.github.io", "type": "repo"}, {"id": "chateachme", "type": "repo"}, {"id": "paperless", "type": "repo"}, {"id": "PyGate", "type": "repo"}, {"id": "ddos-attacker", "type": "repo"}, {"id": "subtitles", "type": "repo"}, {"id": "Gallery", "type": "repo"}, {"id": "SimpleModularityExamples", "type": "repo"}, {"id": "Captura", "type": "repo"}, {"id": "h264", "type": "repo"}, {"id": "MonoGame", "type": "repo"}, {"id": "MonsterCar", "type": "repo"}, {"id": "Perceptron", "type": "repo"}, {"id": "jsqrcode", "type": "repo"}, {"id": "nagios-plugins-1", "type": "repo"}, {"id": "ojs", "type": "repo"}, {"id": "idiomas-para-programadores", "type": "repo"}, {"id": "MediaCenter", "type": "repo"}, {"id": "matheusgadelha.github.io", "type": "repo"}, {"id": "DoctorsManager", "type": "repo"}, {"id": "retinajs", "type": "repo"}, {"id": "RayTracer", "type": "repo"}, {"id": "Python", "type": "language"}, {"id": "Customizer", "type": "repo"}, {"id": "season-hunter", "type": "repo"}, {"id": "tsuru", "type": "repo"}, {"id": "Processing", "type": "language"}, {"id": "Ruby", "type": "language"}, {"id": "trashfun", "type": "repo"}, {"id": "FristRepo", "type": "repo"}, {"id": "thiagoabreu", "type": "user"}, {"id": "sunflow", "type": "repo"}, {"id": "Kotlin", "type": "language"}, {"id": "bitcoin-notifier", "type": "repo"}, {"id": "TsWithReact", "type": "repo"}, {"id": "roo", "type": "repo"}, {"id": "SeasonHunter", "type": "repo"}, {"id": "Pedestrians", "type": "repo"}, {"id": "maxrosan", "type": "user"}, {"id": "Shaderkit", "type": "repo"}, {"id": "dojos", "type": "repo"}, {"id": "openstack-utils", "type": "repo"}, {"id": "AStar", "type": "repo"}, {"id": "ocs", "type": "repo"}, {"id": "docker-lampstack", "type": "repo"}, {"id": "qassault", "type": "repo"}, {"id": "DspBenchmarking", "type": "repo"}, {"id": "scm-builder", "type": "repo"}, {"id": "DevstackUp", "type": "repo"}, {"id": "C++", "type": "language"}, {"id": "MultipleChoiceScanner", "type": "repo"}, {"id": "grammars-v4", "type": "repo"}, {"id": "ionic-vision", "type": "repo"}, {"id": "code-debug", "type": "repo"}, {"id": "Books", "type": "repo"}, {"id": "CSPSolver", "type": "repo"}, {"id": "sinatra-asset-pipeline", "type": "repo"}, {"id": "ParkingManager", "type": "repo"}, {"id": "django-nose", "type": "repo"}, {"id": "Gerador.Boleto.Net", "type": "repo"}, {"id": "Sampala", "type": "repo"}, {"id": "Cordova-Password-Manager", "type": "repo"}, {"id": "ParkingLot", "type": "repo"}, {"id": "octographics", "type": "repo"}, {"id": "sigec", "type": "repo"}, {"id": "ASP", "type": "language"}, {"id": "visr-vr-sdk", "type": "repo"}, {"id": "farmacia-ifrn", "type": "repo"}, {"id": "NS-2-MAC-Simple-supporting-cryptography-SimulaAVR", "type": "repo"}, {"id": "moka-icon-theme", "type": "repo"}, {"id": "qrcodejs", "type": "repo"}, {"id": "rss-glib", "type": "repo"}, {"id": "JavaScript", "type": "language"}, {"id": "ActionScript", "type": "language"}, {"id": "WGStriker", "type": "repo"}, {"id": "mongoengine", "type": "repo"}, {"id": "DIMApiki", "type": "repo"}, {"id": "mobile-services-samples", "type": "repo"}, {"id": "generator-slim", "type": "repo"}, {"id": "vsumm", "type": "repo"}, {"id": "oportunidades", "type": "repo"}, {"id": "XnaGameDevDimap2012", "type": "repo"}, {"id": "MVC_FileUploadSample_01", "type": "repo"}, {"id": "Groovy", "type": "language"}, {"id": "WebRTCO", "type": "repo"}, {"id": "TypeScript", "type": "language"}, {"id": "matheusgadelha", "type": "user"}, {"id": "SimpleWebRTC", "type": "repo"}, {"id": "C#", "type": "language"}, {"id": "opmon-plugins", "type": "repo"}, {"id": "FinalProjectCS689", "type": "repo"}, {"id": "AndroidBTClient", "type": "repo"}, {"id": "RayCaster", "type": "repo"}, {"id": "home", "type": "repo"}, {"id": "rvm-formula", "type": "repo"}, {"id": "DEMO-BuildingSocialWebApps", "type": "repo"}, {"id": "Scripts", "type": "repo"}, {"id": "ConfAgenda", "type": "repo"}, {"id": "Arduino", "type": "language"}, {"id": "sigtap_mysql_php", "type": "repo"}, {"id": "Perl", "type": "language"}, {"id": "vehicle-routing-aco", "type": "repo"}, {"id": "PDFViewer", "type": "repo"}, {"id": "smith-waterman-wpf", "type": "repo"}], "links": [{"target": 298, "source": 0}, {"target": 237, "source": 1}, {"target": 117, "source": 2}, {"target": 169, "source": 3}, {"target": 259, "source": 4}, {"target": 282, "source": 5}, {"target": 237, "source": 6}, {"target": 169, "source": 7}, {"target": 203, "source": 8}, {"target": 298, "source": 9}, {"target": 169, "source": 10}, {"target": 259, "source": 11}, {"target": 259, "source": 12}, {"target": 169, "source": 13}, {"target": 259, "source": 14}, {"target": 282, "source": 15}, {"target": 242, "source": 16}, {"target": 298, "source": 17}, {"target": 282, "source": 18}, {"target": 206, "source": 19}, {"target": 259, "source": 20}, {"target": 259, "source": 21}, {"target": 232, "source": 23}, {"target": 232, "source": 24}, {"target": 298, "source": 25}, {"target": 282, "source": 26}, {"target": 232, "source": 27}, {"target": 298, "source": 28}, {"target": 237, "source": 29}, {"target": 298, "source": 30}, {"target": 232, "source": 31}, {"target": 259, "source": 32}, {"target": 282, "source": 33}, {"target": 259, "source": 34}, {"target": 117, "source": 35}, {"target": 206, "source": 36}, {"target": 298, "source": 37}, {"target": 156, "source": 38}, {"target": 282, "source": 39}, {"target": 86, "source": 41}, {"target": 200, "source": 41}, {"target": 277, "source": 41}, {"target": 137, "source": 41}, {"target": 61, "source": 41}, {"target": 172, "source": 41}, {"target": 297, "source": 41}, {"target": 175, "source": 41}, {"target": 17, "source": 41}, {"target": 99, "source": 41}, {"target": 100, "source": 41}, {"target": 178, "source": 41}, {"target": 260, "source": 41}, {"target": 96, "source": 41}, {"target": 181, "source": 41}, {"target": 52, "source": 41}, {"target": 25, "source": 41}, {"target": 184, "source": 41}, {"target": 46, "source": 41}, {"target": 261, "source": 41}, {"target": 134, "source": 41}, {"target": 28, "source": 41}, {"target": 30, "source": 41}, {"target": 309, "source": 41}, {"target": 63, "source": 41}, {"target": 115, "source": 41}, {"target": 269, "source": 41}, {"target": 33, "source": 41}, {"target": 262, "source": 41}, {"target": 36, "source": 41}, {"target": 37, "source": 41}, {"target": 118, "source": 41}, {"target": 294, "source": 41}, {"target": 170, "source": 41}, {"target": 216, "source": 41}, {"target": 141, "source": 41}, {"target": 276, "source": 41}, {"target": 123, "source": 41}, {"target": 280, "source": 41}, {"target": 253, "source": 41}, {"target": 44, "source": 41}, {"target": 125, "source": 41}, {"target": 307, "source": 41}, {"target": 128, "source": 41}, {"target": 179, "source": 41}, {"target": 49, "source": 41}, {"target": 208, "source": 41}, {"target": 209, "source": 41}, {"target": 271, "source": 41}, {"target": 292, "source": 41}, {"target": 127, "source": 41}, {"target": 212, "source": 41}, {"target": 149, "source": 41}, {"target": 287, "source": 41}, {"target": 136, "source": 41}, {"target": 18, "source": 41}, {"target": 217, "source": 41}, {"target": 218, "source": 41}, {"target": 54, "source": 41}, {"target": 166, "source": 41}, {"target": 223, "source": 41}, {"target": 9, "source": 41}, {"target": 47, "source": 41}, {"target": 225, "source": 41}, {"target": 68, "source": 41}, {"target": 147, "source": 41}, {"target": 230, "source": 41}, {"target": 305, "source": 41}, {"target": 71, "source": 41}, {"target": 73, "source": 41}, {"target": 75, "source": 41}, {"target": 155, "source": 41}, {"target": 66, "source": 41}, {"target": 312, "source": 41}, {"target": 139, "source": 41}, {"target": 124, "source": 41}, {"target": 313, "source": 41}, {"target": 160, "source": 41}, {"target": 97, "source": 41}, {"target": 14, "source": 42}, {"target": 94, "source": 42}, {"target": 135, "source": 42}, {"target": 214, "source": 42}, {"target": 11, "source": 42}, {"target": 45, "source": 42}, {"target": 98, "source": 42}, {"target": 190, "source": 42}, {"target": 302, "source": 42}, {"target": 222, "source": 42}, {"target": 113, "source": 42}, {"target": 117, "source": 43}, {"target": 298, "source": 44}, {"target": 259, "source": 45}, {"target": 81, "source": 46}, {"target": 203, "source": 47}, {"target": 259, "source": 48}, {"target": 298, "source": 49}, {"target": 259, "source": 50}, {"target": 117, "source": 51}, {"target": 282, "source": 52}, {"target": 232, "source": 53}, {"target": 298, "source": 54}, {"target": 232, "source": 55}, {"target": 259, "source": 56}, {"target": 206, "source": 57}, {"target": 295, "source": 58}, {"target": 282, "source": 59}, {"target": 215, "source": 60}, {"target": 259, "source": 61}, {"target": 237, "source": 62}, {"target": 282, "source": 63}, {"target": 232, "source": 64}, {"target": 236, "source": 65}, {"target": 169, "source": 66}, {"target": 298, "source": 67}, {"target": 169, "source": 68}, {"target": 232, "source": 69}, {"target": 206, "source": 70}, {"target": 282, "source": 71}, {"target": 259, "source": 72}, {"target": 282, "source": 73}, {"target": 112, "source": 74}, {"target": 259, "source": 75}, {"target": 117, "source": 76}, {"target": 232, "source": 77}, {"target": 232, "source": 78}, {"target": 232, "source": 79}, {"target": 232, "source": 80}, {"target": 232, "source": 82}, {"target": 232, "source": 83}, {"target": 259, "source": 84}, {"target": 237, "source": 85}, {"target": 282, "source": 86}, {"target": 282, "source": 87}, {"target": 81, "source": 88}, {"target": 156, "source": 89}, {"target": 156, "source": 90}, {"target": 206, "source": 91}, {"target": 232, "source": 92}, {"target": 308, "source": 93}, {"target": 117, "source": 94}, {"target": 169, "source": 95}, {"target": 298, "source": 96}, {"target": 282, "source": 97}, {"target": 259, "source": 98}, {"target": 282, "source": 99}, {"target": 259, "source": 100}, {"target": 298, "source": 101}, {"target": 81, "source": 102}, {"target": 232, "source": 103}, {"target": 185, "source": 104}, {"target": 132, "source": 105}, {"target": 206, "source": 106}, {"target": 259, "source": 107}, {"target": 117, "source": 108}, {"target": 232, "source": 109}, {"target": 107, "source": 110}, {"target": 248, "type": "users", "source": 110}, {"target": 48, "source": 110}, {"target": 38, "source": 110}, {"target": 167, "type": "users", "source": 110}, {"target": 89, "source": 110}, {"target": 90, "source": 110}, {"target": 174, "source": 110}, {"target": 289, "source": 110}, {"target": 273, "source": 110}, {"target": 219, "source": 110}, {"target": 177, "source": 110}, {"target": 22, "type": "users", "source": 110}, {"target": 296, "type": "users", "source": 110}, {"target": 60, "type": "users", "source": 110}, {"target": 148, "type": "users", "source": 110}, {"target": 72, "source": 110}, {"target": 74, "source": 110}, {"target": 153, "source": 110}, {"target": 240, "type": "users", "source": 110}, {"target": 158, "type": "users", "source": 110}, {"target": 41, "type": "users", "source": 110}, {"target": 42, "type": "users", "source": 110}, {"target": 40, "source": 111}, {"target": 117, "source": 113}, {"target": 259, "source": 114}, {"target": 282, "source": 115}, {"target": 232, "source": 116}, {"target": 282, "source": 118}, {"target": 206, "source": 119}, {"target": 282, "source": 120}, {"target": 232, "source": 121}, {"target": 81, "source": 122}, {"target": 282, "source": 123}, {"target": 282, "source": 124}, {"target": 206, "source": 125}, {"target": 232, "source": 126}, {"target": 81, "source": 127}, {"target": 40, "source": 128}, {"target": 232, "source": 129}, {"target": 132, "source": 130}, {"target": 81, "source": 131}, {"target": 259, "source": 133}, {"target": 282, "source": 134}, {"target": 259, "source": 135}, {"target": 282, "source": 136}, {"target": 40, "source": 137}, {"target": 232, "source": 138}, {"target": 282, "source": 139}, {"target": 40, "source": 140}, {"target": 283, "source": 141}, {"target": 117, "source": 142}, {"target": 169, "source": 144}, {"target": 117, "source": 145}, {"target": 232, "source": 146}, {"target": 203, "source": 147}, {"target": 257, "source": 148}, {"target": 180, "source": 148}, {"target": 163, "source": 148}, {"target": 109, "source": 148}, {"target": 196, "source": 148}, {"target": 311, "source": 148}, {"target": 211, "source": 148}, {"target": 187, "source": 148}, {"target": 171, "source": 148}, {"target": 154, "source": 148}, {"target": 243, "source": 148}, {"target": 255, "source": 148}, {"target": 126, "source": 148}, {"target": 121, "source": 148}, {"target": 13, "source": 148}, {"target": 10, "source": 148}, {"target": 151, "source": 148}, {"target": 16, "source": 148}, {"target": 282, "source": 149}, {"target": 117, "source": 150}, {"target": 169, "source": 151}, {"target": 117, "source": 153}, {"target": 293, "source": 154}, {"target": 206, "source": 155}, {"target": 81, "source": 157}, {"target": 224, "source": 158}, {"target": 183, "source": 158}, {"target": 226, "source": 158}, {"target": 165, "source": 158}, {"target": 88, "source": 158}, {"target": 131, "source": 158}, {"target": 198, "source": 158}, {"target": 3, "source": 158}, {"target": 267, "source": 158}, {"target": 274, "source": 158}, {"target": 59, "source": 158}, {"target": 239, "source": 158}, {"target": 290, "source": 158}, {"target": 157, "source": 158}, {"target": 221, "source": 158}, {"target": 299, "source": 158}, {"target": 102, "source": 158}, {"target": 295, "source": 159}, {"target": 282, "source": 160}, {"target": 275, "source": 162}, {"target": 232, "source": 163}, {"target": 206, "source": 164}, {"target": 117, "source": 165}, {"target": 282, "source": 166}, {"target": 83, "source": 167}, {"target": 245, "source": 167}, {"target": 69, "source": 167}, {"target": 87, "source": 167}, {"target": 6, "source": 167}, {"target": 288, "source": 167}, {"target": 250, "source": 167}, {"target": 43, "source": 167}, {"target": 91, "source": 167}, {"target": 92, "source": 167}, {"target": 130, "source": 167}, {"target": 254, "source": 167}, {"target": 189, "source": 167}, {"target": 176, "source": 167}, {"target": 258, "source": 167}, {"target": 268, "source": 167}, {"target": 122, "source": 167}, {"target": 23, "source": 167}, {"target": 24, "source": 167}, {"target": 105, "source": 167}, {"target": 106, "source": 167}, {"target": 186, "source": 167}, {"target": 146, "source": 167}, {"target": 29, "source": 167}, {"target": 266, "source": 167}, {"target": 31, "source": 167}, {"target": 114, "source": 167}, {"target": 192, "source": 167}, {"target": 116, "source": 167}, {"target": 79, "source": 167}, {"target": 119, "source": 167}, {"target": 120, "source": 167}, {"target": 246, "source": 167}, {"target": 229, "source": 167}, {"target": 264, "source": 167}, {"target": 207, "source": 167}, {"target": 281, "source": 167}, {"target": 285, "source": 167}, {"target": 210, "source": 167}, {"target": 197, "source": 167}, {"target": 55, "source": 167}, {"target": 78, "source": 167}, {"target": 168, "source": 167}, {"target": 138, "source": 167}, {"target": 104, "source": 167}, {"target": 194, "source": 167}, {"target": 111, "source": 167}, {"target": 270, "source": 167}, {"target": 213, "source": 167}, {"target": 144, "source": 167}, {"target": 286, "source": 167}, {"target": 304, "source": 167}, {"target": 85, "source": 167}, {"target": 19, "source": 167}, {"target": 234, "source": 167}, {"target": 235, "source": 167}, {"target": 1, "source": 167}, {"target": 188, "source": 167}, {"target": 39, "source": 167}, {"target": 80, "source": 167}, {"target": 82, "source": 167}, {"target": 237, "source": 168}, {"target": 282, "source": 170}, {"target": 293, "source": 171}, {"target": 298, "source": 172}, {"target": 206, "source": 173}, {"target": 156, "source": 174}, {"target": 282, "source": 175}, {"target": 282, "source": 176}, {"target": 117, "source": 177}, {"target": 282, "source": 178}, {"target": 298, "source": 179}, {"target": 232, "source": 180}, {"target": 282, "source": 181}, {"target": 259, "source": 182}, {"target": 117, "source": 183}, {"target": 282, "source": 184}, {"target": 232, "source": 186}, {"target": 206, "source": 187}, {"target": 237, "source": 188}, {"target": 282, "source": 189}, {"target": 117, "source": 190}, {"target": 40, "source": 191}, {"target": 282, "source": 192}, {"target": 282, "source": 193}, {"target": 132, "source": 194}, {"target": 259, "source": 195}, {"target": 143, "source": 196}, {"target": 206, "source": 197}, {"target": 185, "source": 198}, {"target": 203, "source": 199}, {"target": 298, "source": 200}, {"target": 259, "source": 201}, {"target": 237, "source": 202}, {"target": 169, "source": 204}, {"target": 259, "source": 205}, {"target": 117, "source": 207}, {"target": 282, "source": 208}, {"target": 40, "source": 209}, {"target": 40, "source": 210}, {"target": 169, "source": 211}, {"target": 40, "source": 212}, {"target": 232, "source": 213}, {"target": 259, "source": 214}, {"target": 206, "source": 215}, {"target": 282, "source": 216}, {"target": 298, "source": 217}, {"target": 298, "source": 218}, {"target": 156, "source": 219}, {"target": 298, "source": 220}, {"target": 169, "source": 221}, {"target": 117, "source": 222}, {"target": 282, "source": 223}, {"target": 310, "source": 224}, {"target": 81, "source": 225}, {"target": 206, "source": 226}, {"target": 282, "source": 227}, {"target": 203, "source": 228}, {"target": 282, "source": 229}, {"target": 282, "source": 230}, {"target": 259, "source": 231}, {"target": 185, "source": 233}, {"target": 232, "source": 234}, {"target": 206, "source": 235}, {"target": 298, "source": 238}, {"target": 206, "source": 239}, {"target": 0, "source": 240}, {"target": 244, "source": 240}, {"target": 5, "source": 240}, {"target": 263, "source": 240}, {"target": 57, "source": 240}, {"target": 58, "source": 240}, {"target": 140, "source": 240}, {"target": 238, "source": 240}, {"target": 291, "source": 240}, {"target": 220, "source": 240}, {"target": 62, "source": 240}, {"target": 32, "source": 240}, {"target": 101, "source": 240}, {"target": 67, "source": 240}, {"target": 162, "source": 240}, {"target": 108, "source": 240}, {"target": 70, "source": 240}, {"target": 191, "source": 240}, {"target": 233, "source": 240}, {"target": 193, "source": 240}, {"target": 272, "source": 240}, {"target": 199, "source": 240}, {"target": 26, "source": 240}, {"target": 159, "source": 240}, {"target": 279, "source": 240}, {"target": 152, "source": 241}, {"target": 232, "source": 243}, {"target": 295, "source": 244}, {"target": 237, "source": 245}, {"target": 132, "source": 246}, {"target": 259, "source": 247}, {"target": 103, "source": 248}, {"target": 202, "source": 248}, {"target": 2, "source": 248}, {"target": 164, "source": 248}, {"target": 247, "source": 248}, {"target": 129, "source": 248}, {"target": 4, "source": 248}, {"target": 284, "source": 248}, {"target": 12, "source": 248}, {"target": 306, "source": 248}, {"target": 35, "source": 248}, {"target": 15, "source": 248}, {"target": 173, "source": 248}, {"target": 7, "source": 248}, {"target": 251, "source": 248}, {"target": 256, "source": 248}, {"target": 51, "source": 248}, {"target": 145, "source": 248}, {"target": 65, "source": 248}, {"target": 142, "source": 248}, {"target": 301, "source": 248}, {"target": 93, "source": 248}, {"target": 150, "source": 248}, {"target": 27, "source": 248}, {"target": 95, "source": 248}, {"target": 76, "source": 248}, {"target": 227, "source": 248}, {"target": 195, "source": 248}, {"target": 64, "source": 248}, {"target": 204, "source": 248}, {"target": 278, "source": 248}, {"target": 77, "source": 248}, {"target": 259, "source": 249}, {"target": 232, "source": 250}, {"target": 185, "source": 251}, {"target": 259, "source": 252}, {"target": 81, "source": 253}, {"target": 185, "source": 254}, {"target": 259, "source": 255}, {"target": 117, "source": 256}, {"target": 81, "source": 257}, {"target": 185, "source": 258}, {"target": 259, "source": 260}, {"target": 203, "source": 261}, {"target": 282, "source": 262}, {"target": 295, "source": 263}, {"target": 132, "source": 264}, {"target": 259, "source": 265}, {"target": 237, "source": 266}, {"target": 259, "source": 267}, {"target": 232, "source": 268}, {"target": 298, "source": 269}, {"target": 132, "source": 270}, {"target": 282, "source": 271}, {"target": 282, "source": 272}, {"target": 259, "source": 273}, {"target": 81, "source": 274}, {"target": 298, "source": 276}, {"target": 298, "source": 277}, {"target": 259, "source": 278}, {"target": 232, "source": 279}, {"target": 282, "source": 280}, {"target": 117, "source": 281}, {"target": 282, "source": 284}, {"target": 232, "source": 285}, {"target": 169, "source": 286}, {"target": 282, "source": 287}, {"target": 282, "source": 288}, {"target": 206, "source": 289}, {"target": 81, "source": 290}, {"target": 298, "source": 291}, {"target": 298, "source": 292}, {"target": 282, "source": 294}, {"target": 182, "source": 296}, {"target": 249, "source": 296}, {"target": 56, "source": 296}, {"target": 205, "source": 296}, {"target": 300, "source": 296}, {"target": 201, "source": 296}, {"target": 265, "source": 296}, {"target": 8, "source": 296}, {"target": 133, "source": 296}, {"target": 50, "source": 296}, {"target": 228, "source": 296}, {"target": 84, "source": 296}, {"target": 21, "source": 296}, {"target": 231, "source": 296}, {"target": 303, "source": 296}, {"target": 34, "source": 296}, {"target": 53, "source": 296}, {"target": 252, "source": 296}, {"target": 20, "source": 296}, {"target": 241, "source": 296}, {"target": 282, "source": 297}, {"target": 81, "source": 299}, {"target": 206, "source": 300}, {"target": 169, "source": 301}, {"target": 259, "source": 302}, {"target": 203, "source": 303}, {"target": 161, "source": 304}, {"target": 298, "source": 305}, {"target": 185, "source": 306}, {"target": 282, "source": 307}, {"target": 81, "source": 309}, {"target": 259, "source": 311}, {"target": 117, "source": 312}, {"target": 298, "source": 313}], "graph": {}, "multigraph": false, "directed": true}