{"nodes": [{"followers": {"total": 324512, "href": null}, "id": "Manuel Carrasco", "external_urls": {"spotify": "https://open.spotify.com/artist/7qAoXV4U0qDxQAUqhszjAA"}, "popularity": 63, "type": "artist", "genres": ["latin pop", "spanish pop"], "importance": 0.19801980198019803, "images": [{"width": 1000, "url": "https://i.scdn.co/image/999ec319052b1ea6a2394370edaf1cc2b315fd47", "height": 564}, {"width": 640, "url": "https://i.scdn.co/image/f5d4dd4300941b8efe0fbcf5905091f9c095a410", "height": 361}, {"width": 200, "url": "https://i.scdn.co/image/3d2e34682a1b23714d8024b1c66145d4c0483c91", "height": 113}, {"width": 64, "url": "https://i.scdn.co/image/286e00f8b429b06f88218d768b144d5338290733", "height": 36}], "href": "https://api.spotify.com/v1/artists/7qAoXV4U0qDxQAUqhszjAA", "uri": "spotify:artist:7qAoXV4U0qDxQAUqhszjAA", "community": 3}, {"followers": {"total": 126425, "href": null}, "id": "Andy & Lucas", "external_urls": {"spotify": "https://open.spotify.com/artist/4dqi10p8S91S2ChvcWsi1L"}, "popularity": 54, "type": "artist", "genres": ["latin", "latin pop", "spanish pop"], "importance": 0.21782178217821782, "images": [{"width": 1000, "url": "https://i.scdn.co/image/f23a8bd5a76f7e93dee48752f1ba4ec4ffcdcc48", "height": 533}, {"width": 640, "url": "https://i.scdn.co/image/78b6c7688f6b9a33a8b061286555395108ce1fdb", "height": 341}, {"width": 200, "url": "https://i.scdn.co/image/f1537ad7b35854aa055399f223ad7b80ac92516d", "height": 107}, {"width": 64, "url": "https://i.scdn.co/image/04f8cd1137dbdac4630b974a450e11e2d9964946", "height": 34}], "href": "https://api.spotify.com/v1/artists/4dqi10p8S91S2ChvcWsi1L", "uri": "spotify:artist:4dqi10p8S91S2ChvcWsi1L", "community": 0}, {"followers": {"total": 46460, "href": null}, "id": "Siempre Asi", "external_urls": {"spotify": "https://open.spotify.com/artist/19pSE6YNJgeX39rGEdave5"}, "popularity": 49, "type": "artist", "genres": ["flamenco", "pop flamenco", "spanish pop"], "importance": 0.0297029702970297, "images": [{"width": 450, "url": "https://i.scdn.co/image/c573a3c302bd144e0f7e4dbfe59143ba15d81d75", "height": 533}, {"width": 200, "url": "https://i.scdn.co/image/64b8590e9c398102797446a64024370d3b2b6df5", "height": 237}, {"width": 64, "url": "https://i.scdn.co/image/81204700a3b7122687c56625c10a52e8cc21a08d", "height": 76}], "href": "https://api.spotify.com/v1/artists/19pSE6YNJgeX39rGEdave5", "uri": "spotify:artist:19pSE6YNJgeX39rGEdave5", "community": 0}, {"followers": {"total": 40379, "href": null}, "id": "Pol 3.14", "external_urls": {"spotify": "https://open.spotify.com/artist/4P9xDIEyrtAeXRI6xOl2TS"}, "popularity": 44, "type": "artist", "genres": ["spanish pop", "spanish rock"], "importance": 0.0297029702970297, "images": [{"width": 640, "url": "https://i.scdn.co/image/d46badb9b8a2a1ede405542e550f5de55612f075", "height": 640}, {"width": 300, "url": "https://i.scdn.co/image/a5e04005b3d1485f7da4285bfaaa72a62fc1a819", "height": 300}, {"width": 64, "url": "https://i.scdn.co/image/c463343c21d007d55e30f98bc2c717870452022f", "height": 64}], "href": "https://api.spotify.com/v1/artists/4P9xDIEyrtAeXRI6xOl2TS", "uri": "spotify:artist:4P9xDIEyrtAeXRI6xOl2TS", "community": 1}, {"followers": {"total": 5685, "href": null}, "id": "Erpeche", "external_urls": {"spotify": "https://open.spotify.com/artist/7DgouCUCfNkxSZIpes3twD"}, "popularity": 36, "type": "artist", "genres": ["pop flamenco", "spanish pop"], "importance": 0.019801980198019802, "images": [{"width": 640, "url": "https://i.scdn.co/image/3091a5bab591f8db6be66aaa5d525bd8513aa7ba", "height": 640}, {"width": 300, "url": "https://i.scdn.co/image/01c0e7e38e6f2ba63c295f79c8b0ec7b1e2fbc15", "height": 300}, {"width": 64, "url": "https://i.scdn.co/image/c37277aa02bba1c44e66c7429f32514394e1ab82", "height": 64}], "href": "https://api.spotify.com/v1/artists/7DgouCUCfNkxSZIpes3twD", "uri": "spotify:artist:7DgouCUCfNkxSZIpes3twD", "community": 0}, {"followers": {"total": 70716, "href": null}, "id": "Los Secretos", "external_urls": {"spotify": "https://open.spotify.com/artist/2KEDbpUlz9nwtGywHT4gyf"}, "popularity": 50, "type": "artist", "genres": ["cantautor", "latin pop", "rock en espanol", "spanish new wave", "spanish pop", "spanish pop rock", "spanish rock"], "importance": 0.0297029702970297, "images": [{"width": 640, "url": "https://i.scdn.co/image/c580602156cd3fb5c9057da4fb5ed9d78ba58be6", "height": 640}, {"width": 320, "url": "https://i.scdn.co/image/7d5002dfbc4e3016afcfd6b5808b085179bd2163", "height": 320}, {"width": 160, "url": "https://i.scdn.co/image/02edabcd643f6f2a826eb00a7112548b9c626815", "height": 160}], "href": "https://api.spotify.com/v1/artists/2KEDbpUlz9nwtGywHT4gyf", "uri": "spotify:artist:2KEDbpUlz9nwtGywHT4gyf", "community": 2}, {"followers": {"total": 482593, "href": null}, "id": "Estopa", "external_urls": {"spotify": "https://open.spotify.com/artist/5ZqnEfVdEGmoPxtELhN7ai"}, "popularity": 65, "type": "artist", "genres": ["latin pop", "rock en espanol", "rumba", "spanish pop", "trap latino"], "importance": 0.22772277227722773, "images": [{"width": 1000, "url": "https://i.scdn.co/image/7e5eac20fb357ace5ed8c246598174470976938d", "height": 666}, {"width": 640, "url": "https://i.scdn.co/image/41c44150536e33a0b9762e7f027aeb3163341500", "height": 426}, {"width": 200, "url": "https://i.scdn.co/image/cff9e8717857e4935d7d4dab6c520588b2f78a6f", "height": 133}, {"width": 64, "url": "https://i.scdn.co/image/926c4c920b6f0227ee15a57d12d46027cfa06926", "height": 43}], "href": "https://api.spotify.com/v1/artists/5ZqnEfVdEGmoPxtELhN7ai", "uri": "spotify:artist:5ZqnEfVdEGmoPxtELhN7ai", "community": 2}, {"followers": {"total": 25766, "href": null}, "type": "artist", "external_urls": {"spotify": "https://open.spotify.com/artist/1kcjyRBcnuC94JVRshXjI6"}, "community": 1, "popularity": 42, "genres": ["cantautor", "spanish pop", "spanish punk", "spanish rock"], "importance": 0.009900990099009901, "images": [{"width": 640, "url": "https://i.scdn.co/image/ae29a616869621a669875923e291da0d9e55d551", "height": 640}, {"width": 320, "url": "https://i.scdn.co/image/fa2d726dfb1c5a3ae14c086f9805edd26fbe923b", "height": 320}, {"width": 160, "url": "https://i.scdn.co/image/40f27a788bc2a8b9b5cd04fc9261faa383d5af97", "height": 160}], "href": "https://api.spotify.com/v1/artists/1kcjyRBcnuC94JVRshXjI6", "uri": "spotify:artist:1kcjyRBcnuC94JVRshXjI6", "id": "Albertucho"}, {"followers": {"total": 5882, "href": null}, "type": "artist", "external_urls": {"spotify": "https://open.spotify.com/artist/1QlCWFU9vtwscjAY6zEJut"}, "community": 0, "popularity": 33, "genres": ["flamenco", "pop flamenco"], "importance": 0.009900990099009901, "images": [{"width": 640, "url": "https://i.scdn.co/image/5f803a30c6a541bbfca167ca7485cfb029156441", "height": 640}, {"width": 300, "url": "https://i.scdn.co/image/104ce0dfa364497a34dc34d864990800dcb0d098", "height": 300}, {"width": 64, "url": "https://i.scdn.co/image/f2fbc4c2bf94fc29073831708b8c7251dba801c1", "height": 64}], "href": "https://api.spotify.com/v1/artists/1QlCWFU9vtwscjAY6zEJut", "uri": "spotify:artist:1QlCWFU9vtwscjAY6zEJut", "id": "Algiva"}, {"followers": {"total": 33864, "href": null}, "type": "artist", "external_urls": {"spotify": "https://open.spotify.com/artist/0r4YtlmJPQk1xhiVKHuPeF"}, "community": 2, "popularity": 46, "genres": ["cantautor", "flamenco", "spanish indie pop", "spanish new wave", "spanish pop", "spanish rock"], "importance": 0.009900990099009901, "images": [{"width": 1000, "url": "https://i.scdn.co/image/6b2fe0bd77231c1e9ca6e1e40f432c00d69a8358", "height": 1000}, {"width": 640, "url": "https://i.scdn.co/image/c84cb9787f4cc049283a4d0a4489c14494383f30", "height": 640}, {"width": 200, "url": "https://i.scdn.co/image/0edaba2080b3f667341a6d596c3c9408a7dec4c3", "height": 200}, {"width": 64, "url": "https://i.scdn.co/image/ae004d812b75740d819e359e262b6d4d889c13b8", "height": 64}], "href": "https://api.spotify.com/v1/artists/0r4YtlmJPQk1xhiVKHuPeF", "uri": "spotify:artist:0r4YtlmJPQk1xhiVKHuPeF", "id": "Antonio Vega"}, {"followers": {"total": 49678, "href": null}, "id": "Lagarto Amarillo", "external_urls": {"spotify": "https://open.spotify.com/artist/2LxkwydUNBhXwwSb3fFA9x"}, "popularity": 40, "type": "artist", "genres": ["cantautor", "spanish pop", "spanish pop rock", "spanish rock"], "importance": 0.039603960396039604, "images": [{"width": 1000, "url": "https://i.scdn.co/image/d97832023f8fad77808b98c7c3137509159b65c5", "height": 1000}, {"width": 640, "url": "https://i.scdn.co/image/39d64bda81b18f8ebfe8cf8c4ecd0ff33a6ae7b6", "height": 640}, {"width": 200, "url": "https://i.scdn.co/image/a960b68a403604dbedc9ea904f60d823453f7e4f", "height": 200}, {"width": 64, "url": "https://i.scdn.co/image/163f662edb60ed40822b2a17bd70a50c3255776c", "height": 64}], "href": "https://api.spotify.com/v1/artists/2LxkwydUNBhXwwSb3fFA9x", "uri": "spotify:artist:2LxkwydUNBhXwwSb3fFA9x", "community": 1}, {"followers": {"total": 134033, "href": null}, "id": "Rosana", "external_urls": {"spotify": "https://open.spotify.com/artist/5ttV0N9HvMH3KLqNKcS2M0"}, "popularity": 60, "type": "artist", "genres": ["cantautor", "latin", "latin pop", "nueva cancion", "rock en espanol", "spanish pop"], "importance": 0.039603960396039604, "images": [{"width": 640, "url": "https://i.scdn.co/image/ae8b09f1522177068b32be1f2968fa3d13a1a805", "height": 640}, {"width": 320, "url": "https://i.scdn.co/image/733a6941c523f08b51c0bd20c584f0ddd997f478", "height": 320}, {"width": 160, "url": "https://i.scdn.co/image/2d4f3daa41196962069f5f09c80d76a04bb6ce98", "height": 160}], "href": "https://api.spotify.com/v1/artists/5ttV0N9HvMH3KLqNKcS2M0", "uri": "spotify:artist:5ttV0N9HvMH3KLqNKcS2M0", "community": 3}, {"followers": {"total": 38693, "href": null}, "id": "Ella Baila Sola", "external_urls": {"spotify": "https://open.spotify.com/artist/6xvRfsmnwd0qcDUomtlmAt"}, "popularity": 48, "type": "artist", "genres": ["cantautor", "latin", "latin pop", "spanish pop", "spanish pop rock"], "importance": 0.04950495049504951, "images": [{"width": 640, "url": "https://i.scdn.co/image/723d952a2d9098d2b722792f3de08e087b36c20f", "height": 640}, {"width": 320, "url": "https://i.scdn.co/image/e620c983bdaf82a8fc5ad385282da60fbd37f448", "height": 320}, {"width": 160, "url": "https://i.scdn.co/image/c32d18f09c0b6eaac8bb40e3adc15dfb489eb0c8", "height": 160}], "href": "https://api.spotify.com/v1/artists/6xvRfsmnwd0qcDUomtlmAt", "uri": "spotify:artist:6xvRfsmnwd0qcDUomtlmAt", "community": 2}, {"followers": {"total": 56821, "href": null}, "id": "Merche", "external_urls": {"spotify": "https://open.spotify.com/artist/27a2VPd27oQbqE2TdiZVTo"}, "popularity": 42, "type": "artist", "genres": ["latin pop", "pop flamenco", "spanish pop", "spanish pop rock"], "importance": 0.04950495049504951, "images": [{"width": 640, "url": "https://i.scdn.co/image/677479e8d94ba98e6c2ae6298ea3e3f942c0065f", "height": 640}, {"width": 300, "url": "https://i.scdn.co/image/ef6980764219864f9469103db3fdb9e90afca6dd", "height": 300}, {"width": 64, "url": "https://i.scdn.co/image/8e1ecd27b2e8e57c4734d4d53af0f9b797623144", "height": 64}], "href": "https://api.spotify.com/v1/artists/27a2VPd27oQbqE2TdiZVTo", "uri": "spotify:artist:27a2VPd27oQbqE2TdiZVTo", "community": 0}, {"followers": {"total": 118602, "href": null}, "id": "Fondo Flamenco", "external_urls": {"spotify": "https://open.spotify.com/artist/0YIhVMmaboWI25NVbZRkmo"}, "popularity": 54, "type": "artist", "genres": ["spanish pop", "spanish pop rock", "trap latino"], "importance": 0.2079207920792079, "images": [{"width": 350, "url": "https://i.scdn.co/image/f998cbc66bc7796b0ce8ede54003cadc2535be8b", "height": 350}, {"width": 200, "url": "https://i.scdn.co/image/503b12bc759bdfe7b170599081f8e02dd50047bc", "height": 200}, {"width": 64, "url": "https://i.scdn.co/image/10bbb5ec38d44e6345501423c27df9432b6318bf", "height": 64}], "href": "https://api.spotify.com/v1/artists/0YIhVMmaboWI25NVbZRkmo", "uri": "spotify:artist:0YIhVMmaboWI25NVbZRkmo", "community": 0}, {"followers": {"total": 6645, "href": null}, "id": "Tam Tam Go!", "external_urls": {"spotify": "https://open.spotify.com/artist/5S8JCEc9r5JQIOYAHngbCs"}, "popularity": 40, "type": "artist", "genres": ["cantautor", "spanish new wave", "spanish pop", "spanish pop rock"], "importance": 0.019801980198019802, "images": [{"width": 640, "url": "https://i.scdn.co/image/cb97b7cf4b47d371782b0d85a4da31bf5c778bbe", "height": 640}, {"width": 300, "url": "https://i.scdn.co/image/2b2527352a7b16bb8e79664ae197b8e991ea5202", "height": 300}, {"width": 64, "url": "https://i.scdn.co/image/3ccce890cd330dcee6ca366289c9229a8057e05b", "height": 64}], "href": "https://api.spotify.com/v1/artists/5S8JCEc9r5JQIOYAHngbCs", "uri": "spotify:artist:5S8JCEc9r5JQIOYAHngbCs", "community": 2}, {"followers": {"total": 183229, "href": null}, "id": "Dani Mart\u00edn", "external_urls": {"spotify": "https://open.spotify.com/artist/3AIPhNgeF9S1Kyg9Yy3UQW"}, "popularity": 61, "type": "artist", "genres": ["latin pop", "spanish pop", "spanish pop rock", "spanish rock"], "importance": 0.19801980198019803, "images": [{"width": 1000, "url": "https://i.scdn.co/image/21c9050e17c4bd91ee1c03a72403fa194bb0f65c", "height": 1000}, {"width": 640, "url": "https://i.scdn.co/image/1b9bb4731d0c6b60d528f54add1746038a510fec", "height": 640}, {"width": 200, "url": "https://i.scdn.co/image/bfb6ce9bd1bf8f9d486ac496eacab69e2c43e4cc", "height": 200}, {"width": 64, "url": "https://i.scdn.co/image/97e3c862156ecdc277b6549e566e17461b6e42a5", "height": 64}], "href": "https://api.spotify.com/v1/artists/3AIPhNgeF9S1Kyg9Yy3UQW", "uri": "spotify:artist:3AIPhNgeF9S1Kyg9Yy3UQW", "community": 1}, {"followers": {"total": 25922, "href": null}, "id": "Melocos", "external_urls": {"spotify": "https://open.spotify.com/artist/0z6j39UlwCJvfqNzgB55v5"}, "popularity": 38, "type": "artist", "genres": ["spanish pop", "spanish rock"], "importance": 0.0891089108910891, "images": [{"width": 640, "url": "https://i.scdn.co/image/9ef9dd8fb0d3e1ddf211d2ecc2474a16c7fe0e96", "height": 640}, {"width": 300, "url": "https://i.scdn.co/image/f061ce77ddbecb87f2199ad22927cac6aafb2f98", "height": 300}, {"width": 64, "url": "https://i.scdn.co/image/0f23167f2340da9ed77a63280a7cda0cb419a24c", "height": 64}], "href": "https://api.spotify.com/v1/artists/0z6j39UlwCJvfqNzgB55v5", "uri": "spotify:artist:0z6j39UlwCJvfqNzgB55v5", "community": 1}, {"followers": {"total": 4320, "href": null}, "type": "artist", "external_urls": {"spotify": "https://open.spotify.com/artist/7gX3cc7H8tyf7nrDJzRwJE"}, "community": 1, "popularity": 22, "genres": ["spanish pop", "spanish pop rock", "spanish rock"], "importance": 0.009900990099009901, "images": [{"width": 640, "url": "https://i.scdn.co/image/f2816e9611fdd452053595aa4d390e6060fdabe7", "height": 640}, {"width": 320, "url": "https://i.scdn.co/image/a3f7060222378645104ae43275b9442f98508684", "height": 320}, {"width": 160, "url": "https://i.scdn.co/image/6149d878087a836c06d62d36d0d4c13e53033d47", "height": 160}], "href": "https://api.spotify.com/v1/artists/7gX3cc7H8tyf7nrDJzRwJE", "uri": "spotify:artist:7gX3cc7H8tyf7nrDJzRwJE", "id": "Jaula de Grillos"}, {"followers": {"total": 20479, "href": null}, "id": "Seguridad Social", "external_urls": {"spotify": "https://open.spotify.com/artist/5UbMQUFrcJdDstPCza7y0B"}, "popularity": 46, "type": "artist", "genres": ["cantautor", "rock en espanol", "spanish new wave", "spanish pop", "spanish punk"], "importance": 0.0297029702970297, "images": [{"width": 1000, "url": "https://i.scdn.co/image/58eb3bd3abae21be4206718a363f4fa7cf7c8df7", "height": 563}, {"width": 640, "url": "https://i.scdn.co/image/7097485ba3853c7b7b99d074e0def7dcc53af58c", "height": 360}, {"width": 200, "url": "https://i.scdn.co/image/ecac2fcf6a80498ab6d60ab18e6f3215e40a6c57", "height": 113}, {"width": 64, "url": "https://i.scdn.co/image/903df1d7ff5ab8d016ba62e0ce3b2a36d8d245e0", "height": 36}], "href": "https://api.spotify.com/v1/artists/5UbMQUFrcJdDstPCza7y0B", "uri": "spotify:artist:5UbMQUFrcJdDstPCza7y0B", "community": 2}, {"followers": {"total": 19450, "href": null}, "type": "artist", "external_urls": {"spotify": "https://open.spotify.com/artist/6YZOLlgZ38qVDSxVv9xg0G"}, "community": 0, "popularity": 41, "genres": ["flamenco", "pop flamenco", "rumba", "spanish pop"], "importance": 0.009900990099009901, "images": [{"width": 640, "url": "https://i.scdn.co/image/58c393436cc73971ede5ce1a36ef9c8c60e7bc55", "height": 640}, {"width": 300, "url": "https://i.scdn.co/image/c56b9f8531801a0f8ed3fc40629ec5c69774f675", "height": 300}, {"width": 64, "url": "https://i.scdn.co/image/6237c830d3ed84d1844780c71ebd2f8b9c559294", "height": 64}], "href": "https://api.spotify.com/v1/artists/6YZOLlgZ38qVDSxVv9xg0G", "uri": "spotify:artist:6YZOLlgZ38qVDSxVv9xg0G", "id": "Manzanita"}, {"followers": {"total": 248707, "href": null}, "type": "artist", "external_urls": {"spotify": "https://open.spotify.com/artist/6FOpWOxsjQxKEbLiJpU1xV"}, "community": 0, "popularity": 63, "genres": ["spanish pop"], "importance": 0.009900990099009901, "images": [{"width": 1000, "url": "https://i.scdn.co/image/eb85d5edc02cc4a87cd89b82166e2832461e2267", "height": 965}, {"width": 640, "url": "https://i.scdn.co/image/8355aa35726163fab55b58d53b6cda380b43887f", "height": 618}, {"width": 200, "url": "https://i.scdn.co/image/d7b04fb64d9bba2cd1bb6d4510ec3ac95cc43628", "height": 193}, {"width": 64, "url": "https://i.scdn.co/image/e7a5c8aa9f155af746c5b9c4d93fe934aef5a7b2", "height": 62}], "href": "https://api.spotify.com/v1/artists/6FOpWOxsjQxKEbLiJpU1xV", "uri": "spotify:artist:6FOpWOxsjQxKEbLiJpU1xV", "id": "India Martinez"}, {"followers": {"total": 2811, "href": null}, "type": "artist", "external_urls": {"spotify": "https://open.spotify.com/artist/5P4gTu22GQje4EDwps9cht"}, "community": 3, "popularity": 24, "genres": ["spanish pop"], "importance": 0.009900990099009901, "images": [{"width": 640, "url": "https://i.scdn.co/image/1bd42efa03f038dddcf964b1774f62329400caa6", "height": 640}, {"width": 300, "url": "https://i.scdn.co/image/4f4fe5ad245d3ee664358ff0264146df366819cc", "height": 300}, {"width": 64, "url": "https://i.scdn.co/image/1fdd9901e769a38909563e92c031baf15bcaa754", "height": 64}], "href": "https://api.spotify.com/v1/artists/5P4gTu22GQje4EDwps9cht", "uri": "spotify:artist:5P4gTu22GQje4EDwps9cht", "id": "Iguana Tango"}, {"followers": {"total": 54867, "href": null}, "type": "artist", "external_urls": {"spotify": "https://open.spotify.com/artist/0ewtf5KcA50GVkF6FBXOcs"}, "community": 1, "popularity": 51, "genres": ["cantautor", "spanish pop", "spanish punk", "spanish rock"], "importance": 0.009900990099009901, "images": [{"width": 640, "url": "https://i.scdn.co/image/db99ec29819f7e7e1748dd180673d99226517a3a", "height": 640}, {"width": 320, "url": "https://i.scdn.co/image/7ff6dada7bd1d225a36fa6f8b2332d1191947f37", "height": 320}, {"width": 160, "url": "https://i.scdn.co/image/99fbcd88f54d5faff8b74bec491d717d1d25ad3b", "height": 160}], "href": "https://api.spotify.com/v1/artists/0ewtf5KcA50GVkF6FBXOcs", "uri": "spotify:artist:0ewtf5KcA50GVkF6FBXOcs", "id": "Rulo y la contrabanda"}, {"followers": {"total": 222822, "href": null}, "type": "artist", "external_urls": {"spotify": "https://open.spotify.com/artist/7mUBMaZW1MXGswaneb0JTT"}, "community": 1, "popularity": 56, "genres": ["cantautor", "flamenco", "latin alternative", "spanish pop"], "importance": 0.009900990099009901, "images": [{"width": 1000, "url": "https://i.scdn.co/image/38afe7ca7ac19ccd5dc649cd8468cc44e26d69c3", "height": 1000}, {"width": 640, "url": "https://i.scdn.co/image/e59730fd78b0692b76d6ac289666fdcc29f223e5", "height": 640}, {"width": 200, "url": "https://i.scdn.co/image/cafe0ca4aec1a5c1168a25aee38c3f708747a6c0", "height": 200}, {"width": 64, "url": "https://i.scdn.co/image/b37161f24e05bddd074307090b373445c6f48ebb", "height": 64}], "href": "https://api.spotify.com/v1/artists/7mUBMaZW1MXGswaneb0JTT", "uri": "spotify:artist:7mUBMaZW1MXGswaneb0JTT", "id": "Macaco"}, {"followers": {"total": 20124, "href": null}, "type": "artist", "external_urls": {"spotify": "https://open.spotify.com/artist/0Zt1X6eSDuttQS3JHIyCvZ"}, "community": 0, "popularity": 40, "genres": ["spanish pop"], "importance": 0.009900990099009901, "images": [{"width": 640, "url": "https://i.scdn.co/image/b5f04cd4720e44e55800dd7e778901d95ef3f4c1", "height": 640}, {"width": 300, "url": "https://i.scdn.co/image/a3ee38b87d3b5e40722a169bd13013e665785d53", "height": 300}, {"width": 64, "url": "https://i.scdn.co/image/8bd726ef2377a7f819d149df603ead29f90b82fa", "height": 64}], "href": "https://api.spotify.com/v1/artists/0Zt1X6eSDuttQS3JHIyCvZ", "uri": "spotify:artist:0Zt1X6eSDuttQS3JHIyCvZ", "id": "Manolo Escobar"}, {"followers": {"total": 47155, "href": null}, "id": "Sergio Contreras", "external_urls": {"spotify": "https://open.spotify.com/artist/5QYdUMRHeBxlpJioqpIL0k"}, "popularity": 49, "type": "artist", "genres": ["pop flamenco", "spanish pop"], "importance": 0.06930693069306931, "images": [{"width": 1000, "url": "https://i.scdn.co/image/53fdc4e7ad05cd13be6eef25006a599f8589022d", "height": 290}, {"width": 640, "url": "https://i.scdn.co/image/bd2fbee94126abb3730c3c6c7a84cb31ddeb469b", "height": 186}, {"width": 200, "url": "https://i.scdn.co/image/ec7dcbcdb2e7ad667d19f7eb0a6f56ff48fee7e8", "height": 58}, {"width": 64, "url": "https://i.scdn.co/image/fc8ca181e57e18a4a8c472792fdad6fe94a37ef3", "height": 19}], "href": "https://api.spotify.com/v1/artists/5QYdUMRHeBxlpJioqpIL0k", "uri": "spotify:artist:5QYdUMRHeBxlpJioqpIL0k", "community": 0}, {"followers": {"total": 175220, "href": null}, "id": "Amaral", "external_urls": {"spotify": "https://open.spotify.com/artist/4OkeTQCk0fvX6VBYpOOxDi"}, "popularity": 58, "type": "artist", "genres": ["cantautor", "latin", "latin pop", "rock en espanol", "spanish pop", "spanish pop rock", "spanish rock"], "importance": 0.2079207920792079, "images": [{"width": 1000, "url": "https://i.scdn.co/image/d3dcb414ff4191f07ff173478a5045af136c1be7", "height": 672}, {"width": 640, "url": "https://i.scdn.co/image/5553d751a9c6e9ec01d9bd172f5af15961dcf922", "height": 430}, {"width": 200, "url": "https://i.scdn.co/image/b8dd4104ba2290bbc61315539cba6511f3dd0105", "height": 134}, {"width": 64, "url": "https://i.scdn.co/image/26841d14270b06664600a01ed78bb05293b2fffb", "height": 43}], "href": "https://api.spotify.com/v1/artists/4OkeTQCk0fvX6VBYpOOxDi", "uri": "spotify:artist:4OkeTQCk0fvX6VBYpOOxDi", "community": 2}, {"followers": {"total": 289178, "href": null}, "type": "artist", "external_urls": {"spotify": "https://open.spotify.com/artist/6J6yx1t3nwIDyPXk5xa7O8"}, "community": 1, "popularity": 60, "genres": ["cantautor", "spanish indie pop", "spanish pop", "spanish rock"], "importance": 0.009900990099009901, "images": [{"width": 640, "url": "https://i.scdn.co/image/904b086cf53f503dad89b3b42a56e37e6a4081c8", "height": 634}, {"width": 320, "url": "https://i.scdn.co/image/2473aeb342e26303271db5d8a46231c4122786cc", "height": 317}, {"width": 160, "url": "https://i.scdn.co/image/6f274bc95950a4d3a777b28ea061c5ae0997ca2c", "height": 158}], "href": "https://api.spotify.com/v1/artists/6J6yx1t3nwIDyPXk5xa7O8", "uri": "spotify:artist:6J6yx1t3nwIDyPXk5xa7O8", "id": "Vetusta Morla"}, {"followers": {"total": 49818, "href": null}, "id": "El sue\u00f1o de Morfeo", "external_urls": {"spotify": "https://open.spotify.com/artist/2BObknRAxgoXmrf6MkO7VR"}, "popularity": 46, "type": "artist", "genres": ["latin", "latin pop", "spanish pop", "spanish pop rock", "spanish rock"], "importance": 0.22772277227722773, "images": [{"width": 640, "url": "https://i.scdn.co/image/5057f9a474a54a83816ae8360eea31d290b073e4", "height": 480}, {"width": 200, "url": "https://i.scdn.co/image/90a66ac26793b2f7208264111341b24e97044327", "height": 150}, {"width": 64, "url": "https://i.scdn.co/image/55c2ff58326dc7d64d427d771f59987e0b7694dd", "height": 48}], "href": "https://api.spotify.com/v1/artists/2BObknRAxgoXmrf6MkO7VR", "uri": "spotify:artist:2BObknRAxgoXmrf6MkO7VR", "community": 1}, {"followers": {"total": 625750, "href": null}, "id": "Melendi", "external_urls": {"spotify": "https://open.spotify.com/artist/1EXjXQpDx2pROygh8zvHs4"}, "popularity": 70, "type": "artist", "genres": ["latin pop", "spanish pop", "spanish pop rock"], "importance": 0.19801980198019803, "images": [{"width": 640, "url": "https://i.scdn.co/image/59304159a2bfb0125dc5e135d5e30b0b089862c4", "height": 640}, {"width": 320, "url": "https://i.scdn.co/image/5f72ab15c10ad2b72380b4e760cdb4baeaaa72fb", "height": 320}, {"width": 160, "url": "https://i.scdn.co/image/c91561e80b5628694dd2aa812cc030881b5a8fbd", "height": 160}], "href": "https://api.spotify.com/v1/artists/1EXjXQpDx2pROygh8zvHs4", "uri": "spotify:artist:1EXjXQpDx2pROygh8zvHs4", "community": 1}, {"followers": {"total": 175581, "href": null}, "id": "Pereza", "external_urls": {"spotify": "https://open.spotify.com/artist/6mfK6Q2tzLMEchAr0e9Uzu"}, "popularity": 58, "type": "artist", "genres": ["cantautor", "latin alternative", "latin pop", "rock en espanol", "spanish pop", "spanish pop rock", "spanish rock", "trap latino"], "importance": 0.21782178217821782, "images": [{"width": 640, "url": "https://i.scdn.co/image/82b46784f513d02e0ceed3ddf1451be1a0b4a556", "height": 480}, {"width": 200, "url": "https://i.scdn.co/image/cd884027982d91c3f9e1a21708fad21222ba5d4c", "height": 150}, {"width": 64, "url": "https://i.scdn.co/image/65948ef13ea3b40d2cccbeaec2407dc743b6c586", "height": 48}], "href": "https://api.spotify.com/v1/artists/6mfK6Q2tzLMEchAr0e9Uzu", "uri": "spotify:artist:6mfK6Q2tzLMEchAr0e9Uzu", "community": 1}, {"followers": {"total": 141709, "href": null}, "type": "artist", "external_urls": {"spotify": "https://open.spotify.com/artist/2KxjMGXFgX1vt9grpbD3xI"}, "community": 1, "popularity": 63, "genres": ["latin", "latin pop", "spanish pop"], "importance": 0.009900990099009901, "images": [{"width": 640, "url": "https://i.scdn.co/image/c806e5aeeb9efeb6a9283c103de53efce6de49cf", "height": 640}, {"width": 320, "url": "https://i.scdn.co/image/8be3f9b256de1114c697809385121894a8840a75", "height": 320}, {"width": 160, "url": "https://i.scdn.co/image/97f4c0ba45d1f8ce4e9197bedac910852b5a85d6", "height": 160}], "href": "https://api.spotify.com/v1/artists/2KxjMGXFgX1vt9grpbD3xI", "uri": "spotify:artist:2KxjMGXFgX1vt9grpbD3xI", "id": "Dvicio"}, {"followers": {"total": 18415, "href": null}, "id": "Edurne", "external_urls": {"spotify": "https://open.spotify.com/artist/1RpT4SSsNAr0JaSvvwNkgh"}, "popularity": 36, "type": "artist", "genres": ["latin pop", "spanish pop"], "importance": 0.0297029702970297, "images": [{"width": 583, "url": "https://i.scdn.co/image/fd09ab757058fd4eb23600b05bc8ad38f5b77738", "height": 874}, {"width": 200, "url": "https://i.scdn.co/image/343e083bae871cfb6c4d5987b627325948e1a8a9", "height": 300}, {"width": 64, "url": "https://i.scdn.co/image/0e318f74602ef22ff0a9c994549e171e2b9f29eb", "height": 96}], "href": "https://api.spotify.com/v1/artists/1RpT4SSsNAr0JaSvvwNkgh", "uri": "spotify:artist:1RpT4SSsNAr0JaSvvwNkgh", "community": 3}, {"followers": {"total": 8404, "href": null}, "id": "Fran Perea", "external_urls": {"spotify": "https://open.spotify.com/artist/5ZmqtSfV4bMseeYE96i7Nt"}, "popularity": 33, "type": "artist", "genres": ["spanish pop"], "importance": 0.019801980198019802, "images": [{"width": 948, "url": "https://i.scdn.co/image/d49bad9c79f5be097a1fe757cc57b1130b59a29b", "height": 600}, {"width": 640, "url": "https://i.scdn.co/image/47f60197757d49461024dbfd72085ef148fe51fd", "height": 405}, {"width": 200, "url": "https://i.scdn.co/image/762639890dd5acc6bb10f9ce8a1e82a6eb5feaf3", "height": 127}, {"width": 64, "url": "https://i.scdn.co/image/ea0fe6e09af504802cb1b4f11e970e76b8b2fa99", "height": 41}], "href": "https://api.spotify.com/v1/artists/5ZmqtSfV4bMseeYE96i7Nt", "uri": "spotify:artist:5ZmqtSfV4bMseeYE96i7Nt", "community": 1}, {"followers": {"total": 126899, "href": null}, "type": "artist", "external_urls": {"spotify": "https://open.spotify.com/artist/38LYyZ9hZEEQeEfeYoydqd"}, "community": 2, "popularity": 55, "genres": ["cantautor", "flamenco", "spanish pop", "trap latino"], "importance": 0.009900990099009901, "images": [{"width": 640, "url": "https://i.scdn.co/image/d51e25537bf953d1339ca497f02fe8de364440fc", "height": 640}, {"width": 300, "url": "https://i.scdn.co/image/d6656d72c8495d910945bc19d505b8b3164617c0", "height": 300}, {"width": 64, "url": "https://i.scdn.co/image/f1dbca775d4683b7eec1e9a11ad23289f0a08797", "height": 64}], "href": "https://api.spotify.com/v1/artists/38LYyZ9hZEEQeEfeYoydqd", "uri": "spotify:artist:38LYyZ9hZEEQeEfeYoydqd", "id": "Los Delinquentes"}, {"followers": {"total": 104813, "href": null}, "type": "artist", "external_urls": {"spotify": "https://open.spotify.com/artist/5YyScSZOuBHpoFhGvHFedc"}, "community": 1, "popularity": 52, "genres": ["cantautor", "rock en espanol", "spanish pop", "spanish punk", "spanish rock", "trap latino"], "importance": 0.009900990099009901, "images": [{"width": 1000, "url": "https://i.scdn.co/image/5d09c0e2c26a76d48c4786ce45b4eb37a9e8e771", "height": 1000}, {"width": 640, "url": "https://i.scdn.co/image/31604facb4ae2d6b27b9a303e682f602c708ce74", "height": 640}, {"width": 200, "url": "https://i.scdn.co/image/7a904004b690f46acdb211834ba66842afb54a9b", "height": 200}, {"width": 64, "url": "https://i.scdn.co/image/55748f04a78f24f6a4553b5a1fc797173b91fe0a", "height": 64}], "href": "https://api.spotify.com/v1/artists/5YyScSZOuBHpoFhGvHFedc", "uri": "spotify:artist:5YyScSZOuBHpoFhGvHFedc", "id": "La Fuga"}, {"followers": {"total": 192106, "href": null}, "id": "El Barrio", "external_urls": {"spotify": "https://open.spotify.com/artist/0fM3rWsshliRFUmJlBP6QZ"}, "popularity": 57, "type": "artist", "genres": ["flamenco", "pop flamenco", "spanish pop"], "importance": 0.22772277227722773, "images": [{"width": 500, "url": "https://i.scdn.co/image/ae523a90703a0e0633166913f7a9259f7b172185", "height": 500}, {"width": 200, "url": "https://i.scdn.co/image/eedfefccf63b749b054d799c59046f33744af98e", "height": 200}, {"width": 64, "url": "https://i.scdn.co/image/89c58f74e6db09ab33cfe9db75f436167e3fccc5", "height": 64}], "href": "https://api.spotify.com/v1/artists/0fM3rWsshliRFUmJlBP6QZ", "uri": "spotify:artist:0fM3rWsshliRFUmJlBP6QZ", "community": 0}, {"followers": {"total": 10041, "href": null}, "type": "artist", "external_urls": {"spotify": "https://open.spotify.com/artist/2BrXqxz4cn13IH20ej0yOH"}, "community": 0, "popularity": 38, "genres": ["flamenco", "pop flamenco"], "importance": 0.009900990099009901, "images": [{"width": 686, "url": "https://i.scdn.co/image/0a4245d4e8dd22240999cfdea5fdaddf039f1cc0", "height": 421}, {"width": 640, "url": "https://i.scdn.co/image/4740db2ebb8f8632ccc6d76f825efc0700e44f7e", "height": 393}, {"width": 200, "url": "https://i.scdn.co/image/1a85f83cbc5efca07011b956494c09e90d99636d", "height": 123}, {"width": 64, "url": "https://i.scdn.co/image/906811748d344ac1204ebb629e35a3f0ae62cc36", "height": 39}], "href": "https://api.spotify.com/v1/artists/2BrXqxz4cn13IH20ej0yOH", "uri": "spotify:artist:2BrXqxz4cn13IH20ej0yOH", "id": "Aldeskuido"}, {"followers": {"total": 351196, "href": null}, "type": "artist", "external_urls": {"spotify": "https://open.spotify.com/artist/3bgsNtcf5d5h9jbQbohfBK"}, "community": 1, "popularity": 61, "genres": ["cantautor", "rock en espanol", "spanish pop", "spanish punk", "spanish rock", "trap latino"], "importance": 0.009900990099009901, "images": [{"width": 640, "url": "https://i.scdn.co/image/b606d5e5ec99288277aa3466880f54060ff66cef", "height": 480}, {"width": 200, "url": "https://i.scdn.co/image/cc0cfb524d678d6e4f0fc6eda98e33b2ca35701a", "height": 150}, {"width": 64, "url": "https://i.scdn.co/image/b8879399c1ae32d24c89dbceda908fa25cd89717", "height": 48}], "href": "https://api.spotify.com/v1/artists/3bgsNtcf5d5h9jbQbohfBK", "uri": "spotify:artist:3bgsNtcf5d5h9jbQbohfBK", "id": "Extremoduro"}, {"followers": {"total": 17899, "href": null}, "type": "artist", "external_urls": {"spotify": "https://open.spotify.com/artist/1iydw0OqyICpB5XlyfZ7qP"}, "community": 0, "popularity": 44, "genres": ["flamenco", "pop flamenco", "spanish pop"], "importance": 0.009900990099009901, "images": [{"width": 640, "url": "https://i.scdn.co/image/e8adccd8f230ec683ed0dd99ab17fd4d5b688d44", "height": 640}, {"width": 300, "url": "https://i.scdn.co/image/c7246c441bb5f32a987b0649c7c0d4f9ef47a1c6", "height": 300}, {"width": 64, "url": "https://i.scdn.co/image/e2fd414a48f16d800af2ad82b981c2e8fecfaade", "height": 64}], "href": "https://api.spotify.com/v1/artists/1iydw0OqyICpB5XlyfZ7qP", "uri": "spotify:artist:1iydw0OqyICpB5XlyfZ7qP", "id": "Nolasco"}, {"followers": {"total": 40512, "href": null}, "id": "La H\u00fangara", "external_urls": {"spotify": "https://open.spotify.com/artist/7xtnpHS34mLlxGZDVUBHSU"}, "popularity": 44, "type": "artist", "genres": ["flamenco", "pop flamenco", "spanish pop", "spanish pop rock"], "importance": 0.039603960396039604, "images": [{"width": 640, "url": "https://i.scdn.co/image/3ad8b1847d905f363a93cd4f38dd2d69c410f29a", "height": 640}, {"width": 300, "url": "https://i.scdn.co/image/581a1feb8417872b4d9ea2141611a52d25d36493", "height": 300}, {"width": 64, "url": "https://i.scdn.co/image/e5ca55bd65977a3719fd694022e7f1c49af8b5b6", "height": 64}], "href": "https://api.spotify.com/v1/artists/7xtnpHS34mLlxGZDVUBHSU", "uri": "spotify:artist:7xtnpHS34mLlxGZDVUBHSU", "community": 0}, {"followers": {"total": 381166, "href": null}, "id": "Mal\u00fa", "external_urls": {"spotify": "https://open.spotify.com/artist/3TLGNOdp1UWYMnV5XG9HkR"}, "popularity": 60, "type": "artist", "genres": ["latin", "latin pop", "spanish pop", "spanish pop rock"], "importance": 0.21782178217821782, "images": [{"width": 1000, "url": "https://i.scdn.co/image/aedb0038d2c8042fa248fd282cd5fd2f962f1bfe", "height": 1000}, {"width": 640, "url": "https://i.scdn.co/image/792cf840fddd7d300a51fc8f25de2d3021207550", "height": 640}, {"width": 200, "url": "https://i.scdn.co/image/eba3174bb93645fb16940a13af9514ba2b3d85a0", "height": 200}, {"width": 64, "url": "https://i.scdn.co/image/7b40b5d3bbedbc5448870c4694c2fe00074638ea", "height": 64}], "href": "https://api.spotify.com/v1/artists/3TLGNOdp1UWYMnV5XG9HkR", "uri": "spotify:artist:3TLGNOdp1UWYMnV5XG9HkR", "community": 3}, {"followers": {"total": 42465, "href": null}, "id": "Canelita", "external_urls": {"spotify": "https://open.spotify.com/artist/7g9K2QjuqVLUniCCCHyF7j"}, "popularity": 45, "type": "artist", "genres": ["flamenco", "pop flamenco", "rumba", "trap latino"], "importance": 0.019801980198019802, "images": [{"width": 640, "url": "https://i.scdn.co/image/6131324a5f5d93f0132d8b7caa640f300946477e", "height": 640}, {"width": 300, "url": "https://i.scdn.co/image/0d5d26ac100868406df7268d3a23499e6ee874e5", "height": 300}, {"width": 64, "url": "https://i.scdn.co/image/f81387befb92b4713749988c8c6657aaf6a5057b", "height": 64}], "href": "https://api.spotify.com/v1/artists/7g9K2QjuqVLUniCCCHyF7j", "uri": "spotify:artist:7g9K2QjuqVLUniCCCHyF7j", "community": 0}, {"followers": {"total": 22147, "href": null}, "id": "Decai", "external_urls": {"spotify": "https://open.spotify.com/artist/2HFVE11OC3J6jXcmrXkWHV"}, "popularity": 45, "type": "artist", "genres": ["pop flamenco", "spanish pop"], "importance": 0.04950495049504951, "images": [{"width": 798, "url": "https://i.scdn.co/image/7ec3572c769266005b90614e4f4fc25af4579f21", "height": 798}, {"width": 640, "url": "https://i.scdn.co/image/f215ffa98c1ff77e5fa44cb62ef8ab0a64a24436", "height": 640}, {"width": 200, "url": "https://i.scdn.co/image/0d76891204d31a0d5f1406505f75bc86d651aed5", "height": 200}, {"width": 64, "url": "https://i.scdn.co/image/ae6d45deade0db362fe065c895db75b482cae7c4", "height": 64}], "href": "https://api.spotify.com/v1/artists/2HFVE11OC3J6jXcmrXkWHV", "uri": "spotify:artist:2HFVE11OC3J6jXcmrXkWHV", "community": 0}, {"followers": {"total": 169858, "href": null}, "type": "artist", "external_urls": {"spotify": "https://open.spotify.com/artist/5EBH204cwRkvAWknwTAjCQ"}, "community": 1, "popularity": 56, "genres": ["cantautor", "rock en espanol", "spanish pop", "spanish punk", "spanish rock", "trap latino"], "importance": 0.009900990099009901, "images": [{"width": 500, "url": "https://i.scdn.co/image/5f17519df3e6b43c620a7fceb7fd70baed3b7e52", "height": 767}, {"width": 200, "url": "https://i.scdn.co/image/d31b970b88e8b7268ff5fc83d46bb1d20dbdfa4c", "height": 307}, {"width": 64, "url": "https://i.scdn.co/image/a4e7cb957f06842aede4752a4f086524df3a8c92", "height": 98}], "href": "https://api.spotify.com/v1/artists/5EBH204cwRkvAWknwTAjCQ", "uri": "spotify:artist:5EBH204cwRkvAWknwTAjCQ", "id": "Marea"}, {"followers": {"total": 15661, "href": null}, "id": "Junco", "external_urls": {"spotify": "https://open.spotify.com/artist/19WQtApO8bp44xVTR4D138"}, "popularity": 40, "type": "artist", "genres": ["flamenco", "pop flamenco", "spanish pop"], "importance": 0.019801980198019802, "images": [{"width": 640, "url": "https://i.scdn.co/image/a01bd929df20e72f103f91b700097da42e4a71dd", "height": 633}, {"width": 300, "url": "https://i.scdn.co/image/8637efb664d980e423a7ba65361a40503492d710", "height": 297}, {"width": 64, "url": "https://i.scdn.co/image/e80abe404936d0995ebad8dfdaf30ad6dc5a9c64", "height": 63}], "href": "https://api.spotify.com/v1/artists/19WQtApO8bp44xVTR4D138", "uri": "spotify:artist:19WQtApO8bp44xVTR4D138", "community": 0}, {"followers": {"total": 43906, "href": null}, "id": "Los Chichos", "external_urls": {"spotify": "https://open.spotify.com/artist/1xivtET7hPQUzwgnLRQfEP"}, "popularity": 46, "type": "artist", "genres": ["flamenco", "pop flamenco", "rumba", "spanish pop"], "importance": 0.019801980198019802, "images": [{"width": 640, "url": "https://i.scdn.co/image/0fd61291e31d94d73ba8e1255b0a5abdb4394d7d", "height": 640}, {"width": 300, "url": "https://i.scdn.co/image/3617b7c6b4f107c85ad6abdf7f424302e32ef776", "height": 300}, {"width": 64, "url": "https://i.scdn.co/image/d65551ce9a436fe8039997c2fc3fcabde3e50c8b", "height": 64}], "href": "https://api.spotify.com/v1/artists/1xivtET7hPQUzwgnLRQfEP", "uri": "spotify:artist:1xivtET7hPQUzwgnLRQfEP", "community": 0}, {"followers": {"total": 214632, "href": null}, "id": "Antonio Orozco", "external_urls": {"spotify": "https://open.spotify.com/artist/1ADdpen72RPuafRcv0YRBf"}, "popularity": 59, "type": "artist", "genres": ["latin pop", "spanish pop"], "importance": 0.22772277227722773, "images": [{"width": 640, "url": "https://i.scdn.co/image/3daa73e9eb4de70b76a1e4fa0e2def2b1b4c60f6", "height": 633}, {"width": 320, "url": "https://i.scdn.co/image/55b12eadecbfca04b142b19a5ddc3087e5d96b8a", "height": 317}, {"width": 160, "url": "https://i.scdn.co/image/5635a03e128dd6706e46011bb9e2bf235e314402", "height": 158}], "href": "https://api.spotify.com/v1/artists/1ADdpen72RPuafRcv0YRBf", "uri": "spotify:artist:1ADdpen72RPuafRcv0YRBf", "community": 3}, {"followers": {"total": 69095, "href": null}, "id": "Los Rebujitos", "external_urls": {"spotify": "https://open.spotify.com/artist/6v8MdMs2ByHLXUdWonWFPK"}, "popularity": 53, "type": "artist", "genres": ["pop flamenco", "spanish pop"], "importance": 0.039603960396039604, "images": [{"width": 640, "url": "https://i.scdn.co/image/8ba58cbe63ed6041313678cee5daaf19c656ab18", "height": 640}, {"width": 300, "url": "https://i.scdn.co/image/cb2588d1cbedbd357e99ebac47f094061ca87145", "height": 300}, {"width": 64, "url": "https://i.scdn.co/image/28296a772270b73c6680f682ca19a0b012508ccf", "height": 64}], "href": "https://api.spotify.com/v1/artists/6v8MdMs2ByHLXUdWonWFPK", "uri": "spotify:artist:6v8MdMs2ByHLXUdWonWFPK", "community": 0}, {"followers": {"total": 26000, "href": null}, "type": "artist", "external_urls": {"spotify": "https://open.spotify.com/artist/71cjWNRukkIF8Ulh006x3b"}, "community": 3, "popularity": 40, "genres": ["spanish pop", "spanish rock"], "importance": 0.009900990099009901, "images": [{"width": 640, "url": "https://i.scdn.co/image/c48ea44855aae148ed65ce904529f153fc10c112", "height": 640}, {"width": 300, "url": "https://i.scdn.co/image/bfaa5e984c84dbdf7454f995de013035f4f97f44", "height": 300}, {"width": 64, "url": "https://i.scdn.co/image/3fe4db63b767b9c25f668be54e557445ce57517d", "height": 64}], "href": "https://api.spotify.com/v1/artists/71cjWNRukkIF8Ulh006x3b", "uri": "spotify:artist:71cjWNRukkIF8Ulh006x3b", "id": "Georgina"}, {"followers": {"total": 47147, "href": null}, "id": "Coti", "external_urls": {"spotify": "https://open.spotify.com/artist/1OUDQLymoysITxprkd0Qvj"}, "popularity": 55, "type": "artist", "genres": ["argentine rock", "cantautor", "cumbia pop", "latin", "latin pop", "rock en espanol", "spanish pop", "spanish pop rock"], "importance": 0.019801980198019802, "images": [{"width": 640, "url": "https://i.scdn.co/image/848073f6bab77ba4c887d397f33b3dbfb3bc9bdb", "height": 640}, {"width": 320, "url": "https://i.scdn.co/image/ff2f6e6501ef8fd95a30475dd4b9a262d2548162", "height": 320}, {"width": 160, "url": "https://i.scdn.co/image/79bf2b2a4c60e95159077e8414a2d9ecf7a43383", "height": 160}], "href": "https://api.spotify.com/v1/artists/1OUDQLymoysITxprkd0Qvj", "uri": "spotify:artist:1OUDQLymoysITxprkd0Qvj", "community": 3}, {"followers": {"total": 133679, "href": null}, "type": "artist", "external_urls": {"spotify": "https://open.spotify.com/artist/4uyqaioPEdClDxU6zvYlAZ"}, "community": 1, "popularity": 56, "genres": ["spanish pop"], "importance": 0.009900990099009901, "images": [{"width": 640, "url": "https://i.scdn.co/image/baf680e5e07757f4b867ff430d008b5549dcd03a", "height": 640}, {"width": 300, "url": "https://i.scdn.co/image/40d3b08cebdb65285b7dbce41081fcc68ae3e943", "height": 300}, {"width": 64, "url": "https://i.scdn.co/image/130b39292b7dc83ab64c6fdc591fd6b298653eaa", "height": 64}], "href": "https://api.spotify.com/v1/artists/4uyqaioPEdClDxU6zvYlAZ", "uri": "spotify:artist:4uyqaioPEdClDxU6zvYlAZ", "id": "Pablo L\u00f3pez"}, {"followers": {"total": 7355, "href": null}, "type": "artist", "external_urls": {"spotify": "https://open.spotify.com/artist/3fwObIFsRHNc0HdmQ7wVkw"}, "community": 3, "popularity": 35, "genres": ["spanish pop", "spanish pop rock"], "importance": 0.009900990099009901, "images": [{"width": 640, "url": "https://i.scdn.co/image/010fc8f6cc3aef5cb0341936fc2cf093fe62d964", "height": 640}, {"width": 300, "url": "https://i.scdn.co/image/38a197246ebefa12ea17d0ffa6316852a151a224", "height": 300}, {"width": 64, "url": "https://i.scdn.co/image/08ea9e3173b64d5b1347e425b33a1b05d9e436dc", "height": 64}], "href": "https://api.spotify.com/v1/artists/3fwObIFsRHNc0HdmQ7wVkw", "uri": "spotify:artist:3fwObIFsRHNc0HdmQ7wVkw", "id": "La Caja De Pandora"}, {"followers": {"total": 35428, "href": null}, "type": "artist", "external_urls": {"spotify": "https://open.spotify.com/artist/2fXq7CZ0mq4YlwB2XZ7715"}, "community": 0, "popularity": 43, "genres": ["flamenco", "pop flamenco", "rumba", "spanish pop"], "importance": 0.009900990099009901, "images": [{"width": 550, "url": "https://i.scdn.co/image/be5b7b8909049041e8ba7acd2af3fb7f0925f9ec", "height": 367}, {"width": 199, "url": "https://i.scdn.co/image/afebaa3bd78022b792b527690de6c93c2384a35d", "height": 133}, {"width": 64, "url": "https://i.scdn.co/image/c51ade0093ca5e566a6e29015d024ced34ce5009", "height": 43}], "href": "https://api.spotify.com/v1/artists/2fXq7CZ0mq4YlwB2XZ7715", "uri": "spotify:artist:2fXq7CZ0mq4YlwB2XZ7715", "id": "Elbicho"}, {"followers": {"total": 57455, "href": null}, "id": "Celtas Cortos", "external_urls": {"spotify": "https://open.spotify.com/artist/3hIPQBm8PBt8B5aahP6cVP"}, "popularity": 48, "type": "artist", "genres": ["cantautor", "celtic rock", "latin alternative", "rock en espanol", "spanish new wave", "spanish pop", "spanish punk", "spanish rock"], "importance": 0.039603960396039604, "images": [{"width": 640, "url": "https://i.scdn.co/image/4b83023ae94ffd2ffda737c9b402f134daa8d6fa", "height": 640}, {"width": 320, "url": "https://i.scdn.co/image/9034dd4939407f9b195f7fd53390c84d01dccb5d", "height": 320}, {"width": 160, "url": "https://i.scdn.co/image/e37ccbf8f8186d5ac9a0df6bb02f54b1547001ab", "height": 160}], "href": "https://api.spotify.com/v1/artists/3hIPQBm8PBt8B5aahP6cVP", "uri": "spotify:artist:3hIPQBm8PBt8B5aahP6cVP", "community": 1}, {"followers": {"total": 72060, "href": null}, "id": "Pastora Soler", "external_urls": {"spotify": "https://open.spotify.com/artist/6nh96lsvDLuCVpgpfjeYnM"}, "popularity": 45, "type": "artist", "genres": ["latin pop", "pop flamenco", "spanish pop", "spanish pop rock"], "importance": 0.0297029702970297, "images": [{"width": 472, "url": "https://i.scdn.co/image/55db43fa3df07c6c3c305c838136361e5dd9ebcc", "height": 640}, {"width": 221, "url": "https://i.scdn.co/image/1b93443a4532afd8303498499b37cccf139d7d71", "height": 299}, {"width": 47, "url": "https://i.scdn.co/image/359d2077e7916cd1173915d1bdaee6ee5a48bbc7", "height": 64}], "href": "https://api.spotify.com/v1/artists/6nh96lsvDLuCVpgpfjeYnM", "uri": "spotify:artist:6nh96lsvDLuCVpgpfjeYnM", "community": 3}, {"followers": {"total": 26346, "href": null}, "type": "artist", "external_urls": {"spotify": "https://open.spotify.com/artist/6GwZIG7UlxQR6n9kO8QlV6"}, "community": 2, "popularity": 47, "genres": ["cantautor", "flamenco", "rumba", "spanish new wave", "spanish pop"], "importance": 0.009900990099009901, "images": [{"width": 640, "url": "https://i.scdn.co/image/4b97149f7791566246f1fa9b1211373af6b9bf2e", "height": 640}, {"width": 300, "url": "https://i.scdn.co/image/1b33b8d4ef8612573f8caa024fa03c4b2a79367e", "height": 300}, {"width": 64, "url": "https://i.scdn.co/image/efce91fb21fb5577066e98c18ffd7c51b119816a", "height": 64}], "href": "https://api.spotify.com/v1/artists/6GwZIG7UlxQR6n9kO8QlV6", "uri": "spotify:artist:6GwZIG7UlxQR6n9kO8QlV6", "id": "Antonio Flores"}, {"followers": {"total": 82811, "href": null}, "id": "El Arrebato", "external_urls": {"spotify": "https://open.spotify.com/artist/2dJyJptNE5bMmbN6z08iNJ"}, "popularity": 50, "type": "artist", "genres": ["pop flamenco", "spanish pop"], "importance": 0.21782178217821782, "images": [{"width": 640, "url": "https://i.scdn.co/image/2235c55a55eec489ecacec6b561883c891ab95f2", "height": 640}, {"width": 320, "url": "https://i.scdn.co/image/5ac2f070b2867caeefc918891f0f7f5cbd037b9c", "height": 320}, {"width": 160, "url": "https://i.scdn.co/image/efd21a7547e8d38701d48794b7e3a45e3148261d", "height": 160}], "href": "https://api.spotify.com/v1/artists/2dJyJptNE5bMmbN6z08iNJ", "uri": "spotify:artist:2dJyJptNE5bMmbN6z08iNJ", "community": 0}, {"followers": {"total": 35746, "href": null}, "id": "Sidecars", "external_urls": {"spotify": "https://open.spotify.com/artist/1OxGzd3ks0V8CVWtXT1VMj"}, "popularity": 51, "type": "artist", "genres": ["cantautor", "spanish indie pop", "spanish pop", "spanish rock"], "importance": 0.019801980198019802, "images": [{"width": 640, "url": "https://i.scdn.co/image/4279c4dffb544f2aa6f1f763768f2f130a80e7f3", "height": 640}, {"width": 320, "url": "https://i.scdn.co/image/223f816aa84b1c6e77b363ae2b23e6ab91bf88bd", "height": 320}, {"width": 160, "url": "https://i.scdn.co/image/fcd631d49043c6d6d02f2a2e91bffa84e02ce681", "height": 160}], "href": "https://api.spotify.com/v1/artists/1OxGzd3ks0V8CVWtXT1VMj", "uri": "spotify:artist:1OxGzd3ks0V8CVWtXT1VMj", "community": 1}, {"followers": {"total": 44335, "href": null}, "type": "artist", "external_urls": {"spotify": "https://open.spotify.com/artist/6qDVOAIlTaSd7HuVtkfce1"}, "community": 1, "popularity": 45, "genres": ["cantautor", "spanish indie pop", "spanish new wave", "spanish pop", "spanish rock"], "importance": 0.009900990099009901, "images": [{"width": 1000, "url": "https://i.scdn.co/image/5140f2b275b533c25a0c7b67604d15c88db5fa68", "height": 563}, {"width": 640, "url": "https://i.scdn.co/image/58721ceea8a034384d18ab9965e087ffc096021c", "height": 360}, {"width": 200, "url": "https://i.scdn.co/image/ae287a74badd8dae099530f94e1a79aa2551f813", "height": 113}, {"width": 64, "url": "https://i.scdn.co/image/90ddd51936e245a25db30ae280d09f21a02bfb18", "height": 36}], "href": "https://api.spotify.com/v1/artists/6qDVOAIlTaSd7HuVtkfce1", "uri": "spotify:artist:6qDVOAIlTaSd7HuVtkfce1", "id": "Los Piratas"}, {"followers": {"total": 31603, "href": null}, "id": "David DeMar\u00eda", "external_urls": {"spotify": "https://open.spotify.com/artist/6oaqXcTI16QinRDKLtkMaI"}, "popularity": 49, "type": "artist", "genres": ["latin pop", "pop flamenco", "spanish pop"], "importance": 0.10891089108910891, "images": [{"width": 640, "url": "https://i.scdn.co/image/5fc18e736b567189f7431a9f2853ddda27ddd743", "height": 640}, {"width": 320, "url": "https://i.scdn.co/image/1231b3650d2220bacdcea658d75193e8732e0387", "height": 320}, {"width": 160, "url": "https://i.scdn.co/image/5ea0de9f6d16c1b5c116db9c7dda2b9e8e77fe1b", "height": 160}], "href": "https://api.spotify.com/v1/artists/6oaqXcTI16QinRDKLtkMaI", "uri": "spotify:artist:6oaqXcTI16QinRDKLtkMaI", "community": 3}, {"followers": {"total": 35021, "href": null}, "type": "artist", "external_urls": {"spotify": "https://open.spotify.com/artist/7p5J8SfKU9Rulp7tcA53G8"}, "community": 0, "popularity": 48, "genres": ["flamenco", "pop flamenco", "rumba", "spanish pop"], "importance": 0.009900990099009901, "images": [{"width": 575, "url": "https://i.scdn.co/image/4fdc78a9fed85d9f69ba2b7b654d28f43a351383", "height": 576}, {"width": 200, "url": "https://i.scdn.co/image/25fbcbeca1d8c1e0b77ac65e9db0ee7d7de5c5ad", "height": 200}, {"width": 64, "url": "https://i.scdn.co/image/f4e7e48bdd4f3b06e3f9ca48722d51f6c9ddf06e", "height": 64}], "href": "https://api.spotify.com/v1/artists/7p5J8SfKU9Rulp7tcA53G8", "uri": "spotify:artist:7p5J8SfKU9Rulp7tcA53G8", "id": "Jose Merce"}, {"followers": {"total": 31788, "href": null}, "type": "artist", "external_urls": {"spotify": "https://open.spotify.com/artist/4ByxGModIR7nXk4ZaVFdfO"}, "community": 0, "popularity": 42, "genres": ["flamenco", "pop flamenco", "rumba", "spanish pop"], "importance": 0.009900990099009901, "images": [{"width": 640, "url": "https://i.scdn.co/image/67191c513d380d41ab4409681d1d0497090c5256", "height": 640}, {"width": 320, "url": "https://i.scdn.co/image/e4fe35e649ea03d2f880c1917e111a02492f7d1e", "height": 320}, {"width": 160, "url": "https://i.scdn.co/image/a0f6593ca17456753fe1306c6df32b44bf968787", "height": 160}], "href": "https://api.spotify.com/v1/artists/4ByxGModIR7nXk4ZaVFdfO", "uri": "spotify:artist:4ByxGModIR7nXk4ZaVFdfO", "id": "Pitingo"}, {"followers": {"total": 461465, "href": null}, "id": "David Bisbal", "external_urls": {"spotify": "https://open.spotify.com/artist/5gOJTI4TusSENizxhcG7jB"}, "popularity": 68, "type": "artist", "genres": ["latin", "latin pop", "spanish pop", "spanish pop rock", "tropical"], "importance": 0.04950495049504951, "images": [{"width": 640, "url": "https://i.scdn.co/image/d37e8d10a4d6b4fceb0450ab7ff5b2175669bf02", "height": 640}, {"width": 320, "url": "https://i.scdn.co/image/cc476b8f3dd7d8f6908673d91e04c685526c3ccc", "height": 320}, {"width": 160, "url": "https://i.scdn.co/image/ce020bf8a0c3d89d8177022bdc6051ce277f8dcc", "height": 160}], "href": "https://api.spotify.com/v1/artists/5gOJTI4TusSENizxhcG7jB", "uri": "spotify:artist:5gOJTI4TusSENizxhcG7jB", "community": 3}, {"followers": {"total": 157368, "href": null}, "type": "artist", "external_urls": {"spotify": "https://open.spotify.com/artist/5Hsv8dUHHOdnn72q4XIVz7"}, "community": 1, "popularity": 62, "genres": ["cantautor", "spanish pop", "spanish rock", "trap latino"], "importance": 0.009900990099009901, "images": [{"width": 1000, "url": "https://i.scdn.co/image/5823009de9de3ca833704f4cf5f3efc9ae1ddd92", "height": 877}, {"width": 639, "url": "https://i.scdn.co/image/e8d37f74816195b28c7825caf8a494d781f77dbf", "height": 561}, {"width": 199, "url": "https://i.scdn.co/image/3f4bd60fd7740e0f9620b5279dabc80c06ae0d59", "height": 175}, {"width": 64, "url": "https://i.scdn.co/image/d504d3769feba5e83482a8cfb723c9e65765f0a6", "height": 56}], "href": "https://api.spotify.com/v1/artists/5Hsv8dUHHOdnn72q4XIVz7", "uri": "spotify:artist:5Hsv8dUHHOdnn72q4XIVz7", "id": "Leiva"}, {"followers": {"total": 83454, "href": null}, "id": "Despistaos", "external_urls": {"spotify": "https://open.spotify.com/artist/0QE9iXPzgSaBq34OqIZ4n2"}, "popularity": 48, "type": "artist", "genres": ["cantautor", "spanish pop", "spanish pop rock", "spanish rock", "trap latino"], "importance": 0.2079207920792079, "images": [{"width": 1000, "url": "https://i.scdn.co/image/b525539d7bdb2d9631cf4cf630dd4abc314eefb3", "height": 667}, {"width": 640, "url": "https://i.scdn.co/image/4337cc0b616ae199e8f6e3c8ae7e991f8fe67c55", "height": 427}, {"width": 200, "url": "https://i.scdn.co/image/0e1fd44c701508916407850b1a00f0029e072f19", "height": 133}, {"width": 64, "url": "https://i.scdn.co/image/6b202791cd8459b3e71574ec3c9bbc9f8f8d41a6", "height": 43}], "href": "https://api.spotify.com/v1/artists/0QE9iXPzgSaBq34OqIZ4n2", "uri": "spotify:artist:0QE9iXPzgSaBq34OqIZ4n2", "community": 1}, {"followers": {"total": 294733, "href": null}, "id": "Maldita Nerea", "external_urls": {"spotify": "https://open.spotify.com/artist/3heR1it0slFXjaa7E62zpw"}, "popularity": 57, "type": "artist", "genres": ["cantautor", "spanish pop", "spanish pop rock", "spanish rock"], "importance": 0.19801980198019803, "images": [{"width": 458, "url": "https://i.scdn.co/image/281da158d29a9a3c2458d32ea0609ee936ecb53c", "height": 337}, {"width": 200, "url": "https://i.scdn.co/image/a55c276f60356fd9a9ca6f8c11b9fa162d02192d", "height": 147}, {"width": 64, "url": "https://i.scdn.co/image/aa3e87bdc076102f423a14fdc36077982961eee6", "height": 47}], "href": "https://api.spotify.com/v1/artists/3heR1it0slFXjaa7E62zpw", "uri": "spotify:artist:3heR1it0slFXjaa7E62zpw", "community": 1}, {"followers": {"total": 35439, "href": null}, "id": "Nena Daconte", "external_urls": {"spotify": "https://open.spotify.com/artist/58ZTr51uERVdMQbfDbc5B3"}, "popularity": 42, "type": "artist", "genres": ["latin pop", "spanish pop", "spanish rock"], "importance": 0.0891089108910891, "images": [{"width": 720, "url": "https://i.scdn.co/image/64e47055c6a924054162c2bd9291f0a886695bd9", "height": 720}, {"width": 640, "url": "https://i.scdn.co/image/33d3de8959c536807780b4c42f34002e9a1d4d54", "height": 640}, {"width": 200, "url": "https://i.scdn.co/image/6a7ea9732fd99756297f72e04687c424b5e02895", "height": 200}, {"width": 64, "url": "https://i.scdn.co/image/9abf72e474815ac3fdd96d7cf6166557fafd5cca", "height": 64}], "href": "https://api.spotify.com/v1/artists/58ZTr51uERVdMQbfDbc5B3", "uri": "spotify:artist:58ZTr51uERVdMQbfDbc5B3", "community": 1}, {"followers": {"total": 605678, "href": null}, "type": "artist", "external_urls": {"spotify": "https://open.spotify.com/artist/4U7lXyKdSf1JbM1aXvsodC"}, "community": 3, "popularity": 69, "genres": ["latin", "latin pop", "rock en espanol", "spanish pop", "spanish pop rock"], "importance": 0.009900990099009901, "images": [{"width": 640, "url": "https://i.scdn.co/image/77bdcd61828f38ebb3b0716ff98d75aaa6c230c2", "height": 640}, {"width": 320, "url": "https://i.scdn.co/image/f3e4416d4ee7f662b731db9bfdd6432ce7bb2d82", "height": 320}, {"width": 160, "url": "https://i.scdn.co/image/68f2db9aaf5c4cb124e703725d74ae17dda7d33e", "height": 160}], "href": "https://api.spotify.com/v1/artists/4U7lXyKdSf1JbM1aXvsodC", "uri": "spotify:artist:4U7lXyKdSf1JbM1aXvsodC", "id": "La Oreja de Van Gogh"}, {"followers": {"total": 261270, "href": null}, "id": "El Canto Del Loco", "external_urls": {"spotify": "https://open.spotify.com/artist/5RK6c1tyaKpwcDpbgCGNgj"}, "popularity": 61, "type": "artist", "genres": ["cantautor", "latin", "latin alternative", "latin pop", "rock en espanol", "spanish pop", "spanish pop rock", "spanish rock", "trap latino"], "importance": 0.19801980198019803, "images": [{"width": 534, "url": "https://i.scdn.co/image/17d661f6141c65d08835232da1bcffa616bea051", "height": 322}, {"width": 200, "url": "https://i.scdn.co/image/eecf93dd1647771fc7b7dda41c4a9ed6479e774c", "height": 121}, {"width": 64, "url": "https://i.scdn.co/image/4cc06562b93fd95818982b9e2a6d320b3a732a12", "height": 39}], "href": "https://api.spotify.com/v1/artists/5RK6c1tyaKpwcDpbgCGNgj", "uri": "spotify:artist:5RK6c1tyaKpwcDpbgCGNgj", "community": 1}, {"followers": {"total": 92726, "href": null}, "id": "Bustamante", "external_urls": {"spotify": "https://open.spotify.com/artist/1VfKauu6JYTUrApbJXU0zo"}, "popularity": 51, "type": "artist", "genres": ["latin pop", "spanish pop"], "importance": 0.039603960396039604, "images": [{"width": 1000, "url": "https://i.scdn.co/image/5e55549575b16b02ce3b74ff395ac2bc520b69dc", "height": 1000}, {"width": 640, "url": "https://i.scdn.co/image/03f8420cbb3cc3f6433b85bf9b663dad053bb39e", "height": 640}, {"width": 200, "url": "https://i.scdn.co/image/21ba8c6f35e9387e3544904656f073dda6ef69b3", "height": 200}, {"width": 64, "url": "https://i.scdn.co/image/a31552e1506c867906639bf43b57401d6f7134c8", "height": 64}], "href": "https://api.spotify.com/v1/artists/1VfKauu6JYTUrApbJXU0zo", "uri": "spotify:artist:1VfKauu6JYTUrApbJXU0zo", "community": 3}, {"followers": {"total": 61200, "href": null}, "id": "Caf\u00e9 Quijano", "external_urls": {"spotify": "https://open.spotify.com/artist/2ECP3nWC88LaFz4oQzTo3Z"}, "popularity": 54, "type": "artist", "genres": ["cantautor", "flamenco", "latin alternative", "latin pop", "rock en espanol", "spanish pop"], "importance": 0.04950495049504951, "images": [{"width": 640, "url": "https://i.scdn.co/image/1c5abc4fab52f4ced4a84ce382b35c3d4c19a99e", "height": 640}, {"width": 320, "url": "https://i.scdn.co/image/6fb28e8da119180c7b16aee7c7c7313d1275785f", "height": 320}, {"width": 160, "url": "https://i.scdn.co/image/709a43add8079a40234ef3b802ac0e701a232ae6", "height": 160}], "href": "https://api.spotify.com/v1/artists/2ECP3nWC88LaFz4oQzTo3Z", "uri": "spotify:artist:2ECP3nWC88LaFz4oQzTo3Z", "community": 1}, {"followers": {"total": 27381, "href": null}, "type": "artist", "external_urls": {"spotify": "https://open.spotify.com/artist/1BY90fgPEPLRdSrdIV9zrz"}, "community": 3, "popularity": 40, "genres": ["latin pop", "spanish pop", "spanish pop rock"], "importance": 0.009900990099009901, "images": [{"width": 1000, "url": "https://i.scdn.co/image/5c1b5411b90c334058385ab078ffdf527081fa50", "height": 829}, {"width": 640, "url": "https://i.scdn.co/image/7bfb993e8998d5abc6f161204cde1f0cf50b67d2", "height": 530}, {"width": 200, "url": "https://i.scdn.co/image/922ba98d81b5ef044d464c6b395706c557d8cc97", "height": 166}, {"width": 64, "url": "https://i.scdn.co/image/40efc17210de77e0b58e311a0a1d1dd746f101a7", "height": 53}], "href": "https://api.spotify.com/v1/artists/1BY90fgPEPLRdSrdIV9zrz", "uri": "spotify:artist:1BY90fgPEPLRdSrdIV9zrz", "id": "Tamara"}, {"followers": {"total": 41809, "href": null}, "id": "Huecco", "external_urls": {"spotify": "https://open.spotify.com/artist/6Zd2JZF0kIBpeyv2FlPh8i"}, "popularity": 48, "type": "artist", "genres": ["cantautor", "spanish pop", "spanish pop rock", "spanish rock"], "importance": 0.2079207920792079, "images": [{"width": 1000, "url": "https://i.scdn.co/image/5862a72b5a65dde198847cedcb3e22a3e0ac486a", "height": 1000}, {"width": 640, "url": "https://i.scdn.co/image/77886ae39acacab6e628eef2aaf89791c66f9662", "height": 640}, {"width": 200, "url": "https://i.scdn.co/image/58cb3fa3cc80767194fecc906ef2c221693d2061", "height": 200}, {"width": 64, "url": "https://i.scdn.co/image/fb59b7e3a268603b4a84d0d962dfb2d8f6222f10", "height": 64}], "href": "https://api.spotify.com/v1/artists/6Zd2JZF0kIBpeyv2FlPh8i", "uri": "spotify:artist:6Zd2JZF0kIBpeyv2FlPh8i", "community": 1}, {"followers": {"total": 11848, "href": null}, "id": "Diego Mart\u00edn", "external_urls": {"spotify": "https://open.spotify.com/artist/19hC9CpsBVN8bQJ4rPmQYx"}, "popularity": 40, "type": "artist", "genres": ["pop flamenco", "spanish pop", "spanish pop rock"], "importance": 0.06930693069306931, "images": [{"width": 1000, "url": "https://i.scdn.co/image/54f0f9cc9b049eda70f80628be92742b4301b5f0", "height": 563}, {"width": 640, "url": "https://i.scdn.co/image/929f5d681f5f11b5688bc902022c51c78383c11f", "height": 360}, {"width": 200, "url": "https://i.scdn.co/image/824d3d744c9674c2bd9acb13993edac4be78f1ce", "height": 113}, {"width": 64, "url": "https://i.scdn.co/image/1de3e21c2311cb8a6b3d93eb553c9dc5e1286088", "height": 36}], "href": "https://api.spotify.com/v1/artists/19hC9CpsBVN8bQJ4rPmQYx", "uri": "spotify:artist:19hC9CpsBVN8bQJ4rPmQYx", "community": 3}, {"followers": {"total": 24605, "href": null}, "id": "Efecto Mariposa", "external_urls": {"spotify": "https://open.spotify.com/artist/2fFrIDTV1Tk8MwAv4OJiY5"}, "popularity": 50, "type": "artist", "genres": ["latin pop", "spanish pop", "spanish pop rock", "spanish rock"], "importance": 0.25742574257425743, "images": [{"width": 640, "url": "https://i.scdn.co/image/753d908d2aa33479692c26aed186cc9c764caa5b", "height": 640}, {"width": 300, "url": "https://i.scdn.co/image/8bb215224e61c29a1879b4e6b01a3baf2368b1e7", "height": 300}, {"width": 64, "url": "https://i.scdn.co/image/e9117b667dadb72115f50b0f40fd5929655f3dd3", "height": 64}], "href": "https://api.spotify.com/v1/artists/2fFrIDTV1Tk8MwAv4OJiY5", "uri": "spotify:artist:2fFrIDTV1Tk8MwAv4OJiY5", "community": 3}, {"followers": {"total": 156950, "href": null}, "type": "artist", "external_urls": {"spotify": "https://open.spotify.com/artist/61C3cEhdoJ9YiQSQSwYB4K"}, "community": 1, "popularity": 55, "genres": ["cantautor", "spanish indie pop", "spanish pop", "spanish rock"], "importance": 0.009900990099009901, "images": [{"width": 1000, "url": "https://i.scdn.co/image/68a00d34875618bcdb4919b1bb7f7ff880d1faaf", "height": 1000}, {"width": 640, "url": "https://i.scdn.co/image/55cb89ed153d2a663b6bbc9a99650a45362d71bc", "height": 640}, {"width": 200, "url": "https://i.scdn.co/image/ecfead7de2f9b39b3d05af2b12e36478b824a6f1", "height": 200}, {"width": 64, "url": "https://i.scdn.co/image/48764161c525407edc8e94227ba74c5e83fcfb06", "height": 64}], "href": "https://api.spotify.com/v1/artists/61C3cEhdoJ9YiQSQSwYB4K", "uri": "spotify:artist:61C3cEhdoJ9YiQSQSwYB4K", "id": "Supersubmarina"}, {"followers": {"total": 146417, "href": null}, "id": "Vanesa Mart\u00edn", "external_urls": {"spotify": "https://open.spotify.com/artist/5kSJMVPcTITrSZxTrHllVN"}, "popularity": 64, "type": "artist", "genres": ["spanish pop", "spanish pop rock"], "importance": 0.019801980198019802, "images": [{"width": 640, "url": "https://i.scdn.co/image/de1f3637d32c98baa31b12e4632ab19f08a4f606", "height": 640}, {"width": 320, "url": "https://i.scdn.co/image/ac10b96b5c98d58086bae7f43a2d19c94a4c9ecc", "height": 320}, {"width": 160, "url": "https://i.scdn.co/image/dc91ba6c9524b12361019d35fc37ebc64d7c3db1", "height": 160}], "href": "https://api.spotify.com/v1/artists/5kSJMVPcTITrSZxTrHllVN", "uri": "spotify:artist:5kSJMVPcTITrSZxTrHllVN", "community": 3}, {"followers": {"total": 37046, "href": null}, "type": "artist", "external_urls": {"spotify": "https://open.spotify.com/artist/2jMYTBTCSNYaCYy54mLc6I"}, "community": 2, "popularity": 47, "genres": ["cantautor", "flamenco", "rock en espanol", "spanish new wave", "spanish pop"], "importance": 0.009900990099009901, "images": [{"width": 640, "url": "https://i.scdn.co/image/5b8dedfb9c012b835da14a14e07e13eaafacaca2", "height": 640}, {"width": 300, "url": "https://i.scdn.co/image/365d016a018bf99c9b1bb89f99891b1811c8c2a8", "height": 300}, {"width": 64, "url": "https://i.scdn.co/image/ab3cbbceeaee5336bbba8f7f21bb7eab5dc4460a", "height": 64}], "href": "https://api.spotify.com/v1/artists/2jMYTBTCSNYaCYy54mLc6I", "uri": "spotify:artist:2jMYTBTCSNYaCYy54mLc6I", "id": "El \u00daltimo De La Fila"}, {"followers": {"total": 238519, "href": null}, "type": "artist", "external_urls": {"spotify": "https://open.spotify.com/artist/7FZj349hdLfD6qzXkJLuAh"}, "community": 3, "popularity": 62, "genres": ["latin", "latin pop", "rock en espanol", "spanish pop", "spanish pop rock", "tropical"], "importance": 0.009900990099009901, "images": [{"width": 640, "url": "https://i.scdn.co/image/55f1428641598617fc41e72c68c5f7ed03757432", "height": 569}, {"width": 300, "url": "https://i.scdn.co/image/94529d8d78f2d85a5ba045b7842bfaac1dbe034e", "height": 267}, {"width": 64, "url": "https://i.scdn.co/image/a4be5f1b653503d14f215b149178441d36d51090", "height": 57}], "href": "https://api.spotify.com/v1/artists/7FZj349hdLfD6qzXkJLuAh", "uri": "spotify:artist:7FZj349hdLfD6qzXkJLuAh", "id": "La Quinta Estacion"}, {"followers": {"total": 93187, "href": null}, "id": "Chenoa", "external_urls": {"spotify": "https://open.spotify.com/artist/0i3ypO6G38iZmANDHWZxlY"}, "popularity": 47, "type": "artist", "genres": ["latin", "latin pop", "spanish pop", "spanish pop rock"], "importance": 0.04950495049504951, "images": [{"width": 1000, "url": "https://i.scdn.co/image/7e75d36889b1007fd63787d80d7a70172a548aa9", "height": 1000}, {"width": 640, "url": "https://i.scdn.co/image/6ca50953b38e67f8ee9e8973de2d0c60563ae2c1", "height": 640}, {"width": 200, "url": "https://i.scdn.co/image/12a02def32ca07912a558fd026432e7e647bb80f", "height": 200}, {"width": 64, "url": "https://i.scdn.co/image/b25cc2ebf371a4ec82581b10f671bf935c59ef68", "height": 64}], "href": "https://api.spotify.com/v1/artists/0i3ypO6G38iZmANDHWZxlY", "uri": "spotify:artist:0i3ypO6G38iZmANDHWZxlY", "community": 3}, {"followers": {"total": 25678, "href": null}, "type": "artist", "external_urls": {"spotify": "https://open.spotify.com/artist/5dRk8JyA2Tg9wL0iiTqbVu"}, "community": 0, "popularity": 43, "genres": ["flamenco", "pop flamenco", "rumba", "spanish new wave", "spanish pop", "world christmas"], "importance": 0.009900990099009901, "images": [{"width": 640, "url": "https://i.scdn.co/image/098231fba3e12c676128d06dbde671fcd03d24a9", "height": 640}, {"width": 300, "url": "https://i.scdn.co/image/c17b597ffdb66bd249b823d4b561f0c5ae0dd88d", "height": 300}, {"width": 64, "url": "https://i.scdn.co/image/cfaa605856de1491984127f506f166ebaf00f5ca", "height": 64}], "href": "https://api.spotify.com/v1/artists/5dRk8JyA2Tg9wL0iiTqbVu", "uri": "spotify:artist:5dRk8JyA2Tg9wL0iiTqbVu", "id": "Los Chunguitos"}, {"followers": {"total": 150487, "href": null}, "id": "Amaia Montero", "external_urls": {"spotify": "https://open.spotify.com/artist/4LbuSjHhhAddvN44qXpRJo"}, "popularity": 57, "type": "artist", "genres": ["latin", "latin pop", "spanish pop", "spanish pop rock"], "importance": 0.2376237623762376, "images": [{"width": 1000, "url": "https://i.scdn.co/image/1ea1a6f54e2e2b992c80debd8694497e4da53269", "height": 1077}, {"width": 640, "url": "https://i.scdn.co/image/c49bc9a9aea3cd9766073b7cfdb76d93dc61f965", "height": 689}, {"width": 200, "url": "https://i.scdn.co/image/7ef645f7c5a0d501a5b7c8944d84f4cb53a4d485", "height": 215}, {"width": 64, "url": "https://i.scdn.co/image/ff67b35cc870589cbff58dd8a1afe198c21b048c", "height": 69}], "href": "https://api.spotify.com/v1/artists/4LbuSjHhhAddvN44qXpRJo", "uri": "spotify:artist:4LbuSjHhhAddvN44qXpRJo", "community": 3}, {"followers": {"total": 18326, "href": null}, "type": "artist", "external_urls": {"spotify": "https://open.spotify.com/artist/4fi2id2V1djZTVkPBLwaUz"}, "community": 1, "popularity": 41, "genres": ["cantautor", "spanish punk", "spanish rock"], "importance": 0.009900990099009901, "images": [{"width": 300, "url": "https://i.scdn.co/image/a224167f150f0b383cd349f42df0cbdff6cff557", "height": 450}, {"width": 200, "url": "https://i.scdn.co/image/06cdc21540a5fd5f60ad7732638a848c26d62ffa", "height": 300}, {"width": 64, "url": "https://i.scdn.co/image/d22fcc58440bfb1a4b5939a531fac825d3dd0537", "height": 96}], "href": "https://api.spotify.com/v1/artists/4fi2id2V1djZTVkPBLwaUz", "uri": "spotify:artist:4fi2id2V1djZTVkPBLwaUz", "id": "Poncho K"}, {"followers": {"total": 110242, "href": null}, "id": "Ni\u00f1a Pastori", "external_urls": {"spotify": "https://open.spotify.com/artist/6UelqIK8qwhWFc2f6nSEh8"}, "popularity": 55, "type": "artist", "genres": ["flamenco", "spanish pop"], "importance": 0.019801980198019802, "images": [{"width": 640, "url": "https://i.scdn.co/image/1716750fb691fbe5af213789bb0ee889a64d3d72", "height": 640}, {"width": 300, "url": "https://i.scdn.co/image/fe60a0e828ad665b090d6c0e537a965e1659bf9e", "height": 300}, {"width": 64, "url": "https://i.scdn.co/image/9735c3194bd1942270dbab627ce0e240d340f3af", "height": 64}], "href": "https://api.spotify.com/v1/artists/6UelqIK8qwhWFc2f6nSEh8", "uri": "spotify:artist:6UelqIK8qwhWFc2f6nSEh8", "community": 0}, {"followers": {"total": 54801, "href": null}, "type": "artist", "external_urls": {"spotify": "https://open.spotify.com/artist/0uCwhAtvXQlTGZJWDJQykZ"}, "community": 1, "popularity": 50, "genres": ["cantautor", "rock en espanol", "spanish indie pop", "spanish pop", "spanish rock"], "importance": 0.009900990099009901, "images": [{"width": 640, "url": "https://i.scdn.co/image/ac6015ea2f80f79284b63a12e262a845639c5ee4", "height": 640}, {"width": 320, "url": "https://i.scdn.co/image/71cf10591e6996d9d7ec0528faec01ec7881f5c1", "height": 320}, {"width": 160, "url": "https://i.scdn.co/image/4734a026e06daf679a95b386706124d321345bf0", "height": 160}], "href": "https://api.spotify.com/v1/artists/0uCwhAtvXQlTGZJWDJQykZ", "uri": "spotify:artist:0uCwhAtvXQlTGZJWDJQykZ", "id": "Quique Gonzalez"}, {"followers": {"total": 344334, "href": null}, "id": "Fito y Fitipaldis", "external_urls": {"spotify": "https://open.spotify.com/artist/1tZ99AnqyjgrmPwLfGU5eo"}, "popularity": 62, "type": "artist", "genres": ["cantautor", "rock en espanol", "spanish pop", "spanish rock", "trap latino"], "importance": 0.0594059405940594, "images": [{"width": 1000, "url": "https://i.scdn.co/image/6f6b0260638447c5bf367deaf3721ce81ee6e039", "height": 563}, {"width": 640, "url": "https://i.scdn.co/image/a945b5a22970b33fd9e27bd3387182f4f096820b", "height": 360}, {"width": 200, "url": "https://i.scdn.co/image/a0b2cea3d0edbcb36a5c1ec5d2e414ac2ff0537d", "height": 113}, {"width": 64, "url": "https://i.scdn.co/image/f338617b9573c5e631e8971fa21a947d9501175e", "height": 36}], "href": "https://api.spotify.com/v1/artists/1tZ99AnqyjgrmPwLfGU5eo", "uri": "spotify:artist:1tZ99AnqyjgrmPwLfGU5eo", "community": 1}, {"followers": {"total": 5574, "href": null}, "type": "artist", "external_urls": {"spotify": "https://open.spotify.com/artist/2o5PgOIf1RTEFagocvMfEq"}, "community": 3, "popularity": 29, "genres": ["latin pop", "spanish pop", "spanish pop rock"], "importance": 0.009900990099009901, "images": [{"width": 960, "url": "https://i.scdn.co/image/8877f5443568f852ac25cfa659f061fb09318ed1", "height": 1236}, {"width": 640, "url": "https://i.scdn.co/image/bf263cf48546b34ee7f7652c02eadf89f14e6335", "height": 824}, {"width": 200, "url": "https://i.scdn.co/image/1d26586006c2ee00c9bb7ac33137340f5613670a", "height": 258}, {"width": 64, "url": "https://i.scdn.co/image/124d4b3fc0513d70447e3456eee2420ffff37a1e", "height": 82}], "href": "https://api.spotify.com/v1/artists/2o5PgOIf1RTEFagocvMfEq", "uri": "spotify:artist:2o5PgOIf1RTEFagocvMfEq", "id": "Maria Villalon"}, {"followers": {"total": 150419, "href": null}, "id": "Manolo Garcia", "external_urls": {"spotify": "https://open.spotify.com/artist/4eBTqTx5ssOK5YwmijmfU4"}, "popularity": 56, "type": "artist", "genres": ["cantautor", "flamenco", "latin pop", "spanish pop"], "importance": 0.0297029702970297, "images": [{"width": 1000, "url": "https://i.scdn.co/image/ff8b1603aeb884f813ddac6c1ce9d03051e1258c", "height": 1000}, {"width": 640, "url": "https://i.scdn.co/image/d24164504bc85d9077fe5cb0c170711225acb2cf", "height": 640}, {"width": 200, "url": "https://i.scdn.co/image/a139a066d9f60c3b1637be98e4f992bc1a46e033", "height": 200}, {"width": 64, "url": "https://i.scdn.co/image/036c3ab75127f1f868cf6b4343d813b9e2f1e72b", "height": 64}], "href": "https://api.spotify.com/v1/artists/4eBTqTx5ssOK5YwmijmfU4", "uri": "spotify:artist:4eBTqTx5ssOK5YwmijmfU4", "community": 2}, {"followers": {"total": 162962, "href": null}, "id": "Sergio Dalma", "external_urls": {"spotify": "https://open.spotify.com/artist/7x6XYw3yCC67Pizi4o0wvZ"}, "popularity": 56, "type": "artist", "genres": ["cantautor", "latin", "latin pop", "spanish pop", "spanish pop rock"], "importance": 0.04950495049504951, "images": [{"width": 1000, "url": "https://i.scdn.co/image/fb41b9b777f2889dbeba144d6ea4d62c243574f4", "height": 1000}, {"width": 640, "url": "https://i.scdn.co/image/4af7007775aef734b056ba727d20afb4c36138fa", "height": 640}, {"width": 200, "url": "https://i.scdn.co/image/c84c1433ad5b0889997e0afbf4b2ecadad42b069", "height": 200}, {"width": 64, "url": "https://i.scdn.co/image/7d576da663e2341509e990f55adb493be0011b2a", "height": 64}], "href": "https://api.spotify.com/v1/artists/7x6XYw3yCC67Pizi4o0wvZ", "uri": "spotify:artist:7x6XYw3yCC67Pizi4o0wvZ", "community": 3}, {"followers": {"total": 5779, "href": null}, "id": "Los Ca\u00f1os", "external_urls": {"spotify": "https://open.spotify.com/artist/2Sc124nCfeuUlQ0TxAJZ8O"}, "popularity": 30, "type": "artist", "genres": ["pop flamenco", "spanish pop", "spanish pop rock"], "importance": 0.0297029702970297, "images": [{"width": 640, "url": "https://i.scdn.co/image/3401b85dec20aa0435f217e42f99b80b25f335e9", "height": 640}, {"width": 300, "url": "https://i.scdn.co/image/bafde7b375cdbf05af12781390690ba11ab0a2fd", "height": 300}, {"width": 64, "url": "https://i.scdn.co/image/866254109ec03fd5e4428f773d8247af74be3599", "height": 64}], "href": "https://api.spotify.com/v1/artists/2Sc124nCfeuUlQ0TxAJZ8O", "uri": "spotify:artist:2Sc124nCfeuUlQ0TxAJZ8O", "community": 0}, {"followers": {"total": 67426, "href": null}, "type": "artist", "external_urls": {"spotify": "https://open.spotify.com/artist/5YekZn3GGnPIURNA6RG124"}, "community": 3, "popularity": 55, "genres": ["cantautor", "latin", "latin pop", "rock en espanol", "spanish pop"], "importance": 0.009900990099009901, "images": [{"width": 1000, "url": "https://i.scdn.co/image/9703fab469aa733e3501c3cf1877099edd48cd0f", "height": 1000}, {"width": 640, "url": "https://i.scdn.co/image/820276e7603fda03cea5625ce5336856ee52ec89", "height": 640}, {"width": 200, "url": "https://i.scdn.co/image/f47ab4502812b332c45954a3c5d3e7fb50881e12", "height": 200}, {"width": 64, "url": "https://i.scdn.co/image/3dec1ee7df12d4d852971d6782e7ba6b6e8ce9f7", "height": 64}], "href": "https://api.spotify.com/v1/artists/5YekZn3GGnPIURNA6RG124", "uri": "spotify:artist:5YekZn3GGnPIURNA6RG124", "id": "Ana Torroja"}, {"followers": {"total": 37987, "href": null}, "type": "artist", "external_urls": {"spotify": "https://open.spotify.com/artist/6B0tiYh9aXjEkmNp6LhGjk"}, "community": 0, "popularity": 51, "genres": ["flamenco", "pop flamenco", "spanish pop", "world christmas"], "importance": 0.009900990099009901, "images": [{"width": 640, "url": "https://i.scdn.co/image/97e022eef7e92d6b5fdb40deee337284f797aa77", "height": 640}, {"width": 300, "url": "https://i.scdn.co/image/dd121ac75dd467c48e59789316e619cc61a08df5", "height": 300}, {"width": 64, "url": "https://i.scdn.co/image/b6958ac4cc061cdaec543e2fcf194269c2d97bf0", "height": 64}], "href": "https://api.spotify.com/v1/artists/6B0tiYh9aXjEkmNp6LhGjk", "uri": "spotify:artist:6B0tiYh9aXjEkmNp6LhGjk", "id": "Raya Real"}, {"followers": {"total": 15939, "href": null}, "type": "artist", "external_urls": {"spotify": "https://open.spotify.com/artist/0IKGwY3gUNC2kR3zS72W4Q"}, "community": 0, "popularity": 34, "genres": ["pop flamenco", "spanish pop"], "importance": 0.009900990099009901, "images": [{"width": 640, "url": "https://i.scdn.co/image/752c6f30809370fa9f6c4a8715c7cc40ae822e03", "height": 640}, {"width": 300, "url": "https://i.scdn.co/image/d84023f4a3c7b048dca4a2139b06b4c696646ad6", "height": 300}, {"width": 64, "url": "https://i.scdn.co/image/3b766450dce40a127e3c478719408184b5447588", "height": 64}], "href": "https://api.spotify.com/v1/artists/0IKGwY3gUNC2kR3zS72W4Q", "uri": "spotify:artist:0IKGwY3gUNC2kR3zS72W4Q", "id": "El Tren de los Sue\u00f1os"}, {"followers": {"total": 57489, "href": null}, "type": "artist", "external_urls": {"spotify": "https://open.spotify.com/artist/5Fv0DQ1ZBuc2DlidtOUCZr"}, "community": 1, "popularity": 50, "genres": ["cantautor", "latin alternative", "rock en espanol", "spanish indie pop", "spanish new wave", "spanish pop", "spanish punk", "spanish rock"], "importance": 0.009900990099009901, "images": [{"width": 518, "url": "https://i.scdn.co/image/4c047762c593e15ec9374029b125a2180bc8bb93", "height": 480}, {"width": 200, "url": "https://i.scdn.co/image/3e78298136e11629f1bba744b5d645452364092f", "height": 185}, {"width": 64, "url": "https://i.scdn.co/image/27e9fde22c5e97e8d18be4d65e30f9e5bac461e0", "height": 59}], "href": "https://api.spotify.com/v1/artists/5Fv0DQ1ZBuc2DlidtOUCZr", "uri": "spotify:artist:5Fv0DQ1ZBuc2DlidtOUCZr", "id": "Loquillo"}, {"followers": {"total": 41431, "href": null}, "id": "Conchita", "external_urls": {"spotify": "https://open.spotify.com/artist/0TPv1jIhKn4d0boGDxy4LI"}, "popularity": 49, "type": "artist", "genres": ["cantautor", "latin pop", "spanish pop", "spanish rock"], "importance": 0.2376237623762376, "images": [{"width": 600, "url": "https://i.scdn.co/image/7d01f732a7a39459f237d7b77dc4c7f515d8e657", "height": 463}, {"width": 200, "url": "https://i.scdn.co/image/4080a14b41a5664453361dc84a15898b2e411362", "height": 154}, {"width": 63, "url": "https://i.scdn.co/image/23f75e60add8929eb0092239cd88e13d6a0f2014", "height": 49}], "href": "https://api.spotify.com/v1/artists/0TPv1jIhKn4d0boGDxy4LI", "uri": "spotify:artist:0TPv1jIhKn4d0boGDxy4LI", "community": 3}, {"followers": {"total": 61540, "href": null}, "id": "Camela", "external_urls": {"spotify": "https://open.spotify.com/artist/6flBUmmOMLNhD4EJhGwgpG"}, "popularity": 47, "type": "artist", "genres": ["pop flamenco", "spanish pop", "spanish pop rock"], "importance": 0.019801980198019802, "images": [{"width": 1000, "url": "https://i.scdn.co/image/3cd778ec833ae97fecd0c8a7cf5af696c42df003", "height": 563}, {"width": 640, "url": "https://i.scdn.co/image/534d56178eb2bafc48f63b715d5e45f63c7dce4f", "height": 360}, {"width": 200, "url": "https://i.scdn.co/image/1323ab19289be10f6911a773adc186f0769ae3d2", "height": 113}, {"width": 64, "url": "https://i.scdn.co/image/600fae4720dc9b9a1847bfda0b789e12432c5d99", "height": 36}], "href": "https://api.spotify.com/v1/artists/6flBUmmOMLNhD4EJhGwgpG", "uri": "spotify:artist:6flBUmmOMLNhD4EJhGwgpG", "community": 0}, {"followers": {"total": 88685, "href": null}, "id": "Rosario", "external_urls": {"spotify": "https://open.spotify.com/artist/05xSLrRgGwm2nCH2SmnNMW"}, "popularity": 59, "type": "artist", "genres": ["cantautor", "flamenco", "latin", "latin pop", "spanish pop"], "importance": 0.019801980198019802, "images": [{"width": 640, "url": "https://i.scdn.co/image/be23548b2f749bc72e8ce69061e49501e6a4bc90", "height": 640}, {"width": 320, "url": "https://i.scdn.co/image/c69330801e249063e3515c902e677ed4d42870d2", "height": 320}, {"width": 160, "url": "https://i.scdn.co/image/cc312ee841c414e5075e51d92e696546d60167f1", "height": 160}], "href": "https://api.spotify.com/v1/artists/05xSLrRgGwm2nCH2SmnNMW", "uri": "spotify:artist:05xSLrRgGwm2nCH2SmnNMW", "community": 3}, {"followers": {"total": 56702, "href": null}, "id": "Pignoise", "external_urls": {"spotify": "https://open.spotify.com/artist/21ttsUKZ3y2Hm6nduyvbAw"}, "popularity": 47, "type": "artist", "genres": ["spanish pop", "spanish pop rock", "spanish rock", "trap latino"], "importance": 0.19801980198019803, "images": [{"width": 1000, "url": "https://i.scdn.co/image/07552f1dd15bee9a4daa6adf03886b63040605db", "height": 665}, {"width": 640, "url": "https://i.scdn.co/image/c0035a57861656ea8f3258d566e9422343109211", "height": 426}, {"width": 200, "url": "https://i.scdn.co/image/50e4824532e7382c7b1731872e91303508df8314", "height": 133}, {"width": 64, "url": "https://i.scdn.co/image/fabe83f88ffc2517c0774ff286aa90e452a2f756", "height": 43}], "href": "https://api.spotify.com/v1/artists/21ttsUKZ3y2Hm6nduyvbAw", "uri": "spotify:artist:21ttsUKZ3y2Hm6nduyvbAw", "community": 1}, {"followers": {"total": 45121, "href": null}, "id": "David Otero", "external_urls": {"spotify": "https://open.spotify.com/artist/4cA5JN7tiNZ8afYeuSQj5h"}, "popularity": 55, "type": "artist", "genres": ["cantautor", "spanish pop", "spanish rock"], "importance": 0.0297029702970297, "images": [{"width": 640, "url": "https://i.scdn.co/image/a0fa997f4e138ba8e1506fd0024c2082ae75f04d", "height": 640}, {"width": 320, "url": "https://i.scdn.co/image/9a42d29ac55957da0479ad6a61da2d68d245c1e3", "height": 320}, {"width": 160, "url": "https://i.scdn.co/image/531bbec0951806d2a3047951e03153d2cd63bc85", "height": 160}], "href": "https://api.spotify.com/v1/artists/4cA5JN7tiNZ8afYeuSQj5h", "uri": "spotify:artist:4cA5JN7tiNZ8afYeuSQj5h", "community": 1}, {"followers": {"total": 14113, "href": null}, "type": "artist", "external_urls": {"spotify": "https://open.spotify.com/artist/5kXK8waG1JeBQ8b5leWNSu"}, "community": 1, "popularity": 40, "genres": ["argentine rock", "cantautor", "latin alternative", "rock en espanol", "spanish new wave", "spanish pop", "spanish rock"], "importance": 0.009900990099009901, "images": [{"width": 214, "url": "https://i.scdn.co/image/6b801fceb257637c55af5d9d286afb5f6888cd84", "height": 320}, {"width": 200, "url": "https://i.scdn.co/image/394baf81f55da69a04c0c4e8f3c005de5217a28d", "height": 299}, {"width": 64, "url": "https://i.scdn.co/image/73529182d198d084ab5ce32856209fa974673fbd", "height": 96}], "href": "https://api.spotify.com/v1/artists/5kXK8waG1JeBQ8b5leWNSu", "uri": "spotify:artist:5kXK8waG1JeBQ8b5leWNSu", "id": "Ariel Rot"}], "links": [{"target": 48, "source": 0}, {"target": 64, "source": 0}, {"target": 37, "source": 0}, {"target": 1, "source": 0}, {"target": 26, "source": 0}, {"target": 83, "source": 0}, {"target": 14, "source": 0}, {"target": 42, "source": 0}, {"target": 6, "source": 0}, {"target": 30, "source": 0}, {"target": 75, "source": 0}, {"target": 71, "source": 0}, {"target": 76, "source": 0}, {"target": 56, "source": 0}, {"target": 16, "source": 0}, {"target": 90, "source": 0}, {"target": 58, "source": 0}, {"target": 61, "source": 0}, {"target": 96, "source": 0}, {"target": 78, "source": 0}, {"target": 48, "source": 1}, {"target": 49, "source": 1}, {"target": 26, "source": 1}, {"target": 29, "source": 1}, {"target": 30, "source": 1}, {"target": 70, "source": 1}, {"target": 58, "source": 1}, {"target": 6, "source": 1}, {"target": 41, "source": 1}, {"target": 91, "source": 1}, {"target": 64, "source": 1}, {"target": 37, "source": 1}, {"target": 14, "source": 1}, {"target": 42, "source": 1}, {"target": 13, "source": 1}, {"target": 97, "source": 1}, {"target": 71, "source": 1}, {"target": 44, "source": 1}, {"target": 61, "source": 1}, {"target": 16, "source": 1}, {"target": 76, "source": 1}, {"target": 58, "source": 2}, {"target": 14, "source": 2}, {"target": 37, "source": 2}, {"target": 66, "source": 3}, {"target": 99, "source": 3}, {"target": 67, "source": 3}, {"target": 58, "source": 4}, {"target": 14, "source": 4}, {"target": 70, "source": 5}, {"target": 27, "source": 5}, {"target": 6, "source": 5}, {"target": 48, "source": 6}, {"target": 67, "source": 6}, {"target": 27, "source": 6}, {"target": 89, "source": 6}, {"target": 87, "source": 6}, {"target": 30, "source": 6}, {"target": 31, "source": 6}, {"target": 58, "source": 6}, {"target": 29, "source": 6}, {"target": 35, "source": 6}, {"target": 66, "source": 6}, {"target": 70, "source": 6}, {"target": 14, "source": 6}, {"target": 72, "source": 6}, {"target": 76, "source": 6}, {"target": 74, "source": 6}, {"target": 16, "source": 6}, {"target": 99, "source": 6}, {"target": 37, "source": 6}, {"target": 19, "source": 6}, {"target": 74, "source": 7}, {"target": 14, "source": 8}, {"target": 27, "source": 9}, {"target": 66, "source": 10}, {"target": 74, "source": 10}, {"target": 67, "source": 10}, {"target": 99, "source": 10}, {"target": 83, "source": 11}, {"target": 76, "source": 11}, {"target": 96, "source": 11}, {"target": 42, "source": 11}, {"target": 83, "source": 12}, {"target": 76, "source": 12}, {"target": 27, "source": 12}, {"target": 96, "source": 12}, {"target": 29, "source": 12}, {"target": 58, "source": 13}, {"target": 83, "source": 13}, {"target": 96, "source": 13}, {"target": 42, "source": 13}, {"target": 91, "source": 14}, {"target": 48, "source": 14}, {"target": 49, "source": 14}, {"target": 21, "source": 14}, {"target": 37, "source": 14}, {"target": 85, "source": 14}, {"target": 94, "source": 14}, {"target": 38, "source": 14}, {"target": 26, "source": 14}, {"target": 43, "source": 14}, {"target": 30, "source": 14}, {"target": 44, "source": 14}, {"target": 58, "source": 14}, {"target": 41, "source": 14}, {"target": 67, "source": 14}, {"target": 76, "source": 15}, {"target": 27, "source": 15}, {"target": 48, "source": 16}, {"target": 29, "source": 16}, {"target": 66, "source": 16}, {"target": 67, "source": 16}, {"target": 32, "source": 16}, {"target": 83, "source": 16}, {"target": 52, "source": 16}, {"target": 42, "source": 16}, {"target": 99, "source": 16}, {"target": 30, "source": 16}, {"target": 17, "source": 16}, {"target": 76, "source": 16}, {"target": 61, "source": 16}, {"target": 75, "source": 16}, {"target": 70, "source": 16}, {"target": 100, "source": 16}, {"target": 96, "source": 16}, {"target": 31, "source": 17}, {"target": 76, "source": 17}, {"target": 67, "source": 17}, {"target": 74, "source": 17}, {"target": 66, "source": 17}, {"target": 29, "source": 17}, {"target": 99, "source": 17}, {"target": 70, "source": 17}, {"target": 66, "source": 18}, {"target": 27, "source": 19}, {"target": 74, "source": 19}, {"target": 37, "source": 20}, {"target": 76, "source": 22}, {"target": 66, "source": 23}, {"target": 74, "source": 24}, {"target": 58, "source": 25}, {"target": 48, "source": 26}, {"target": 37, "source": 26}, {"target": 74, "source": 26}, {"target": 58, "source": 26}, {"target": 79, "source": 27}, {"target": 66, "source": 27}, {"target": 67, "source": 27}, {"target": 68, "source": 27}, {"target": 83, "source": 27}, {"target": 87, "source": 27}, {"target": 89, "source": 27}, {"target": 29, "source": 27}, {"target": 30, "source": 27}, {"target": 31, "source": 27}, {"target": 76, "source": 27}, {"target": 70, "source": 27}, {"target": 57, "source": 27}, {"target": 61, "source": 27}, {"target": 96, "source": 27}, {"target": 31, "source": 28}, {"target": 48, "source": 29}, {"target": 81, "source": 29}, {"target": 51, "source": 29}, {"target": 83, "source": 29}, {"target": 30, "source": 29}, {"target": 33, "source": 29}, {"target": 34, "source": 29}, {"target": 61, "source": 29}, {"target": 99, "source": 29}, {"target": 66, "source": 29}, {"target": 67, "source": 29}, {"target": 68, "source": 29}, {"target": 42, "source": 29}, {"target": 70, "source": 29}, {"target": 76, "source": 29}, {"target": 74, "source": 29}, {"target": 96, "source": 29}, {"target": 48, "source": 30}, {"target": 66, "source": 30}, {"target": 67, "source": 30}, {"target": 37, "source": 30}, {"target": 83, "source": 30}, {"target": 42, "source": 30}, {"target": 70, "source": 30}, {"target": 31, "source": 30}, {"target": 76, "source": 30}, {"target": 74, "source": 30}, {"target": 58, "source": 30}, {"target": 99, "source": 30}, {"target": 96, "source": 30}, {"target": 67, "source": 31}, {"target": 87, "source": 31}, {"target": 86, "source": 31}, {"target": 55, "source": 31}, {"target": 59, "source": 31}, {"target": 70, "source": 31}, {"target": 60, "source": 31}, {"target": 99, "source": 31}, {"target": 65, "source": 31}, {"target": 66, "source": 31}, {"target": 77, "source": 31}, {"target": 95, "source": 31}, {"target": 72, "source": 31}, {"target": 45, "source": 31}, {"target": 74, "source": 31}, {"target": 39, "source": 31}, {"target": 101, "source": 31}, {"target": 96, "source": 33}, {"target": 42, "source": 33}, {"target": 99, "source": 34}, {"target": 66, "source": 36}, {"target": 47, "source": 37}, {"target": 48, "source": 37}, {"target": 49, "source": 37}, {"target": 93, "source": 37}, {"target": 43, "source": 37}, {"target": 54, "source": 37}, {"target": 58, "source": 37}, {"target": 41, "source": 37}, {"target": 62, "source": 37}, {"target": 85, "source": 37}, {"target": 40, "source": 37}, {"target": 82, "source": 37}, {"target": 63, "source": 37}, {"target": 44, "source": 37}, {"target": 46, "source": 37}, {"target": 58, "source": 41}, {"target": 48, "source": 42}, {"target": 81, "source": 42}, {"target": 83, "source": 42}, {"target": 90, "source": 42}, {"target": 61, "source": 42}, {"target": 64, "source": 42}, {"target": 56, "source": 42}, {"target": 71, "source": 42}, {"target": 98, "source": 42}, {"target": 76, "source": 42}, {"target": 73, "source": 42}, {"target": 75, "source": 42}, {"target": 96, "source": 42}, {"target": 78, "source": 42}, {"target": 48, "source": 44}, {"target": 58, "source": 44}, {"target": 58, "source": 46}, {"target": 58, "source": 47}, {"target": 67, "source": 48}, {"target": 83, "source": 48}, {"target": 90, "source": 48}, {"target": 58, "source": 48}, {"target": 70, "source": 48}, {"target": 61, "source": 48}, {"target": 64, "source": 48}, {"target": 71, "source": 48}, {"target": 75, "source": 48}, {"target": 76, "source": 48}, {"target": 66, "source": 48}, {"target": 96, "source": 48}, {"target": 58, "source": 49}, {"target": 96, "source": 50}, {"target": 83, "source": 51}, {"target": 76, "source": 53}, {"target": 99, "source": 55}, {"target": 74, "source": 55}, {"target": 70, "source": 55}, {"target": 96, "source": 56}, {"target": 61, "source": 58}, {"target": 97, "source": 58}, {"target": 91, "source": 58}, {"target": 74, "source": 58}, {"target": 75, "source": 58}, {"target": 99, "source": 59}, {"target": 96, "source": 61}, {"target": 76, "source": 61}, {"target": 83, "source": 61}, {"target": 83, "source": 64}, {"target": 100, "source": 66}, {"target": 67, "source": 66}, {"target": 68, "source": 66}, {"target": 96, "source": 66}, {"target": 76, "source": 66}, {"target": 74, "source": 66}, {"target": 70, "source": 66}, {"target": 99, "source": 66}, {"target": 68, "source": 67}, {"target": 83, "source": 67}, {"target": 96, "source": 67}, {"target": 76, "source": 67}, {"target": 70, "source": 67}, {"target": 74, "source": 67}, {"target": 100, "source": 67}, {"target": 99, "source": 67}, {"target": 96, "source": 68}, {"target": 76, "source": 68}, {"target": 83, "source": 68}, {"target": 99, "source": 68}, {"target": 70, "source": 68}, {"target": 83, "source": 69}, {"target": 83, "source": 70}, {"target": 87, "source": 70}, {"target": 72, "source": 70}, {"target": 76, "source": 70}, {"target": 74, "source": 70}, {"target": 99, "source": 70}, {"target": 99, "source": 72}, {"target": 74, "source": 72}, {"target": 87, "source": 74}, {"target": 89, "source": 74}, {"target": 76, "source": 74}, {"target": 84, "source": 74}, {"target": 99, "source": 74}, {"target": 76, "source": 75}, {"target": 96, "source": 75}, {"target": 81, "source": 76}, {"target": 83, "source": 76}, {"target": 99, "source": 76}, {"target": 96, "source": 76}, {"target": 83, "source": 80}, {"target": 83, "source": 81}, {"target": 96, "source": 81}, {"target": 90, "source": 83}, {"target": 92, "source": 83}, {"target": 98, "source": 83}, {"target": 96, "source": 83}, {"target": 99, "source": 87}, {"target": 96, "source": 88}, {"target": 96, "source": 90}, {"target": 99, "source": 96}], "multigraph": false, "directed": false, "graph": {}}